รหัส,หัวข้อ,คำถาม,คำถามที่คล้ายกัน,คำตอบ,แหล่งอ้างอิง,ที่มาของข้อมูล,สถานะการตรวจ
orig-001,ชุดคำถามเดิม,เป็นไข้ กินพาราก่อนดีไหม,,"ได้เลย พาราเซตามอลช่วยลดไข้และบรรเทาปวดได้ กินทุก 4–6 ชั่วโมงได้ แต่ห้ามเกิน 4,000 มิลลิกรัมต่อวันนะ ถ้าไข้สูงเกิน 2–3 วันยังไม่ลด ควรไปหาหมอ","กระทรวงสาธารณสุข, World Health Organization, NHS (ตามที่ระบุในไฟล์เดิม ยังไม่ได้ตรวจสอบ)",ไฟล์ชุดคำถามเดิมของผู้ใช้,รอเภสัชกรตรวจ
orig-002,ชุดคำถามเดิม,ปวดฟันกินพาราพอไหม,,ช่วยบรรเทาอาการปวดได้ชั่วคราว แต่ไม่ได้รักษาสาเหตุ ถ้าปวดมากหรือปวดหลายวัน ควรไปหาหมอฟัน,"คณะทันตแพทยศาสตร์ จุฬาลงกรณ์มหาวิทยาลัย, American Dental Association (ตามที่ระบุในไฟล์เดิม ยังไม่ได้ตรวจสอบ)",ไฟล์ชุดคำถามเดิมของผู้ใช้,รอเภสัชกรตรวจ
orig-003,ชุดคำถามเดิม,ปวดเข่ากินไอบูโพรเฟนดีไหม,,ดีถ้าเป็นอาการอักเสบ เช่น เข่าบวม ปวดข้อ แต่ต้องกินหลังอาหารทันที เพราะอาจระคายกระเพาะได้,"กรมการแพทย์, Mayo Clinic (ตามที่ระบุในไฟล์เดิม ยังไม่ได้ตรวจสอบ)",ไฟล์ชุดคำถามเดิมของผู้ใช้,รอเภสัชกรตรวจ
orig-004,ชุดคำถามเดิม,ปวดประจำเดือนกินอะไรดี,,ไอบูโพรเฟนหรือนาพรอกเซนช่วยลดอาการปวดได้ดี เพราะลดการอักเสบ แต่ต้องกินหลังอาหารเหมือนกัน,"คณะแพทยศาสตร์ศิริราชพยาบาล, American College of Obstetricians and Gynecologists (ตามที่ระบุในไฟล์เดิม ยังไม่ได้ตรวจสอบ)",ไฟล์ชุดคำถามเดิมของผู้ใช้,รอเภสัชกรตรวจ
orig-005,ชุดคำถามเดิม,แสบกระเพาะกินโอเมพราโซลดีไหม,,ดี ช่วยลดกรดในกระเพาะ ควรกินก่อนอาหารเช้า 30 นาที จะออกฤทธิ์ดีที่สุด,"โรงพยาบาลจุฬาลงกรณ์ สภากาชาดไทย, Mayo Clinic (ตามที่ระบุในไฟล์เดิม ยังไม่ได้ตรวจสอบ)",ไฟล์ชุดคำถามเดิมของผู้ใช้,รอเภสัชกรตรวจ
orig-006,ชุดคำถามเดิม,นอนไม่หลับกินลอราซีแพมดีไหม,,ถ้าหมอสั่งก็ช่วยให้นอนหลับได้ดี แต่ไม่ควรกินต่อเนื่องเอง เพราะอาจติดยาและง่วงค้างตอนเช้า,"กรมสุขภาพจิต, U.S. Food and Drug Administration (ตามที่ระบุในไฟล์เดิม ยังไม่ได้ตรวจสอบ)",ไฟล์ชุดคำถามเดิมของผู้ใช้,รอเภสัชกรตรวจ
orig-007,ชุดคำถามเดิม,เครียด ๆ กินไดอะซีแพมได้ปะ,,ใช้คลายกังวลได้ แต่ต้องตามคำสั่งแพทย์ เพราะกินแล้วจะง่วง มึนงง และไม่ควรใช้ระยะยาวเอง,"กรมสุขภาพจิต, Mayo Clinic (ตามที่ระบุในไฟล์เดิม ยังไม่ได้ตรวจสอบ)",ไฟล์ชุดคำถามเดิมของผู้ใช้,รอเภสัชกรตรวจ
orig-008,ชุดคำถามเดิม,เป็นเบาหวานหยุดเมทฟอร์มินเองได้ไหม,,ไม่ควรเลย เพราะระดับน้ำตาลจะสูงขึ้นทันที ควรกินต่อเนื่องตามแพทย์สั่ง และควบคุมอาหารร่วมด้วย,"สมาคมโรคเบาหวานแห่งประเทศไทย, American Diabetes Association (ตามที่ระบุในไฟล์เดิม ยังไม่ได้ตรวจสอบ)",ไฟล์ชุดคำถามเดิมของผู้ใช้,รอเภสัชกรตรวจ
orig-009,ชุดคำถามเดิม,ความดันปกติแล้ว หยุดยาได้ไหม,,ไม่ควรหยุดเอง เพราะที่ความดันปกติอาจเป็นเพราะยา ถ้าหยุดเอง ความดันอาจพุ่งสูงอีก,"กรมควบคุมโรค, American Heart Association (ตามที่ระบุในไฟล์เดิม ยังไม่ได้ตรวจสอบ)",ไฟล์ชุดคำถามเดิมของผู้ใช้,รอเภสัชกรตรวจ
orig-010,ชุดคำถามเดิม,กินแอมโลดิพีนแล้วเวียนหัว ปกติไหม,,บางคนอาจเวียนหัวช่วงแรก เพราะความดันลดลงเร็ว ควรลุกช้า ๆ ถ้าเวียนหัวมากให้ปรึกษาแพทย์,"โรงพยาบาลศิริราช, Mayo Clinic (ตามที่ระบุในไฟล์เดิม ยังไม่ได้ตรวจสอบ)",ไฟล์ชุดคำถามเดิมของผู้ใช้,รอเภสัชกรตรวจ
orig-011,ชุดคำถามเดิม,ไขมันสูง กินซิมวาสแตตินช่วยไหม,,ช่วยลดไขมันในเลือดได้ดี ควรกินก่อนนอน และกินต่อเนื่องตามแพทย์สั่ง,"สมาคมโรคหัวใจแห่งประเทศไทย, American Heart Association (ตามที่ระบุในไฟล์เดิม ยังไม่ได้ตรวจสอบ)",ไฟล์ชุดคำถามเดิมของผู้ใช้,รอเภสัชกรตรวจ
orig-012,ชุดคำถามเดิม,กินซิมวาสแตตินแล้วปวดตัว ทำไงดี,,ถ้าปวดกล้ามเนื้อเล็กน้อยอาจเฝ้าดูอาการ แต่ถ้าปวดมาก อ่อนแรง หรือปัสสาวะสีเข้ม ควรรีบพบแพทย์,"สำนักงานคณะกรรมการอาหารและยาไทย, U.S. Food and Drug Administration (ตามที่ระบุในไฟล์เดิม ยังไม่ได้ตรวจสอบ)",ไฟล์ชุดคำถามเดิมของผู้ใช้,รอเภสัชกรตรวจ
orig-013,ชุดคำถามเดิม,ฟันจะถอน แต่กินวาร์ฟารินอยู่ ทำไงดี,,ต้องแจ้งทันตแพทย์ก่อน เพราะยานี้ทำให้เลือดหยุดช้า อาจต้องตรวจเลือดก่อนทำหัตถการ,"คณะทันตแพทยศาสตร์ มหิดล, American Dental Association (ตามที่ระบุในไฟล์เดิม ยังไม่ได้ตรวจสอบ)",ไฟล์ชุดคำถามเดิมของผู้ใช้,รอเภสัชกรตรวจ
orig-014,ชุดคำถามเดิม,เป็นกรดไหลย้อน ต้องกินยาทุกวันไหม,,บางคนกินเป็นคอร์สตามแพทย์ บางคนกินเฉพาะช่วงมีอาการ อย่าซื้อกินยาว ๆ เองโดยไม่ปรึกษา,"โรงพยาบาลจุฬาลงกรณ์ สภากาชาดไทย, Mayo Clinic (ตามที่ระบุในไฟล์เดิม ยังไม่ได้ตรวจสอบ)",ไฟล์ชุดคำถามเดิมของผู้ใช้,รอเภสัชกรตรวจ
orig-015,ชุดคำถามเดิม,บวมน้ำ กินฟูโรเซไมด์ช่วยไหม,,ช่วยขับน้ำส่วนเกินออกจากร่างกาย แต่จะปัสสาวะบ่อย ควรกินตอนเช้า และระวังอาการหน้ามืด,"โรงพยาบาลรามาธิบดี, Mayo Clinic (ตามที่ระบุในไฟล์เดิม ยังไม่ได้ตรวจสอบ)",ไฟล์ชุดคำถามเดิมของผู้ใช้,รอเภสัชกรตรวจ
orig-016,ชุดคำถามเดิม,กินฟูโรเซไมด์ตอนเย็นได้ไหม,,ไม่แนะนำ เพราะจะต้องลุกมาปัสสาวะกลางคืน ทำให้นอนไม่หลับ,"โรงพยาบาลรามาธิบดี, NHS (ตามที่ระบุในไฟล์เดิม ยังไม่ได้ตรวจสอบ)",ไฟล์ชุดคำถามเดิมของผู้ใช้,รอเภสัชกรตรวจ
orig-017,ชุดคำถามเดิม,ไทรอยด์ต่ำ ลืมกินเลโวไทรอกซีนบ่อย ๆ เป็นไรไหม,,ระดับฮอร์โมนจะไม่คงที่ อาจทำให้อ่อนเพลีย ใจสั่น หรือเหนื่อยง่าย ควรกินตอนท้องว่างทุกวันเวลาเดิม,"สมาคมต่อมไร้ท่อแห่งประเทศไทย, American Thyroid Association (ตามที่ระบุในไฟล์เดิม ยังไม่ได้ตรวจสอบ)",ไฟล์ชุดคำถามเดิมของผู้ใช้,รอเภสัชกรตรวจ
orig-018,ชุดคำถามเดิม,กินเลโวไทรอกซีนพร้อมกาแฟได้ไหม,,ไม่ควร เพราะกาแฟอาจลดการดูดซึมยา ควรกินก่อนอาหารอย่างน้อย 30 นาที,"สมาคมต่อมไร้ท่อแห่งประเทศไทย, Mayo Clinic (ตามที่ระบุในไฟล์เดิม ยังไม่ได้ตรวจสอบ)",ไฟล์ชุดคำถามเดิมของผู้ใช้,รอเภสัชกรตรวจ
orig-019,ชุดคำถามเดิม,เศร้า ๆ กินเซอร์ทราลีนแล้วดีขึ้นเลยไหม,,ไม่ทันที ต้องใช้เวลาประมาณ 2–4 สัปดาห์ถึงจะเห็นผล และควรกินต่อเนื่องตามแพทย์สั่ง,"กรมสุขภาพจิต, NHS (ตามที่ระบุในไฟล์เดิม ยังไม่ได้ตรวจสอบ)",ไฟล์ชุดคำถามเดิมของผู้ใช้,รอเภสัชกรตรวจ
orig-020,ชุดคำถามเดิม,กินยาแก้แพ้แล้วง่วงมาก ทำไงดี,,เป็นผลข้างเคียงปกติ ลองกินก่อนนอน หรือปรึกษาเภสัชเรื่องยาแก้แพ้ชนิดไม่ง่วง,"สำนักงานคณะกรรมการอาหารและยาไทย, U.S. Food and Drug Administration (ตามที่ระบุในไฟล์เดิม ยังไม่ได้ตรวจสอบ)",ไฟล์ชุดคำถามเดิมของผู้ใช้,รอเภสัชกรตรวจ
orig-021,ชุดคำถามเดิม,เป็นผื่นลมพิษ กินยาแก้แพ้พอไหม,,ส่วนใหญ่ช่วยได้ แต่ถ้ามีอาการหายใจลำบาก หน้าบวม ต้องรีบไปโรงพยาบาล,"โรงพยาบาลศิริราช, American College of Allergy Asthma and Immunology (ตามที่ระบุในไฟล์เดิม ยังไม่ได้ตรวจสอบ)",ไฟล์ชุดคำถามเดิมของผู้ใช้,รอเภสัชกรตรวจ
orig-022,ชุดคำถามเดิม,ปวดกล้ามเนื้อจากออกกำลังกาย กินยาเลยดีไหม,,กินได้ถ้าปวดมาก แต่ควรพักผ่อน ยืดกล้ามเนื้อ และดื่มน้ำเยอะ ๆ ด้วย,"โรงพยาบาลรามาธิบดี, Mayo Clinic (ตามที่ระบุในไฟล์เดิม ยังไม่ได้ตรวจสอบ)",ไฟล์ชุดคำถามเดิมของผู้ใช้,รอเภสัชกรตรวจ
orig-023,ชุดคำถามเดิม,กินพารากับไอบูโพรเฟนพร้อมกันได้ไหม,,บางกรณีกินสลับกันได้ แต่ควรถามเภสัชหรือแพทย์ก่อน เพื่อป้องกันการใช้ยาเกินขนาด,"กระทรวงสาธารณสุข, NHS (ตามที่ระบุในไฟล์เดิม ยังไม่ได้ตรวจสอบ)",ไฟล์ชุดคำถามเดิมของผู้ใช้,รอเภสัชกรตรวจ
orig-024,ชุดคำถามเดิม,ลืมกินยาเช้า ตอนบ่ายค่อยกินได้ไหม,,ได้ถ้ายังไม่ใกล้เวลามื้อถัดไป แต่ไม่ควรกินสองเท่าเพื่อชดเชย,"สำนักงานคณะกรรมการอาหารและยาไทย, World Health Organization (ตามที่ระบุในไฟล์เดิม ยังไม่ได้ตรวจสอบ)",ไฟล์ชุดคำถามเดิมของผู้ใช้,รอเภสัชกรตรวจ
orig-025,ชุดคำถามเดิม,กินยาแล้วคลื่นไส้ ทำไงดี,,ลองกินหลังอาหาร ดื่มน้ำมาก ๆ ถ้าอาเจียนรุนแรงควรพบแพทย์,"โรงพยาบาลศิริราช, Mayo Clinic (ตามที่ระบุในไฟล์เดิม ยังไม่ได้ตรวจสอบ)",ไฟล์ชุดคำถามเดิมของผู้ใช้,รอเภสัชกรตรวจ
orig-026,ชุดคำถามเดิม,กินยาแล้วผื่นขึ้น ต้องหยุดไหม,,ถ้าเป็นผื่นเล็กน้อยควรปรึกษาแพทย์ก่อนหยุด แต่ถ้าผื่นรุนแรงหรือหายใจลำบาก รีบไปโรงพยาบาลทันที,"สำนักงานคณะกรรมการอาหารและยาไทย, U.S. Food and Drug Administration (ตามที่ระบุในไฟล์เดิม ยังไม่ได้ตรวจสอบ)",ไฟล์ชุดคำถามเดิมของผู้ใช้,รอเภสัชกรตรวจ
orig-027,ชุดคำถามเดิม,กินยาเกินขนาดโดยไม่ตั้งใจ ทำไงดี,,รีบไปโรงพยาบาลทันที อย่ารอดูอาการ โดยเฉพาะพาราเซตามอล,"สำนักงานคณะกรรมการอาหารและยาไทย, World Health Organization (ตามที่ระบุในไฟล์เดิม ยังไม่ได้ตรวจสอบ)",ไฟล์ชุดคำถามเดิมของผู้ใช้,รอเภสัชกรตรวจ
orig-028,ชุดคำถามเดิม,กินยาหลายตัวพร้อมกันอันตรายไหม,,ถ้าหมอสั่งร่วมกันถือว่าปลอดภัย แต่ไม่ควรซื้อยามากินเองหลายชนิดโดยไม่ถามผู้เชี่ยวชาญ,"กระทรวงสาธารณสุข, Mayo Clinic (ตามที่ระบุในไฟล์เดิม ยังไม่ได้ตรวจสอบ)",ไฟล์ชุดคำถามเดิมของผู้ใช้,รอเภสัชกรตรวจ
orig-029,ชุดคำถามเดิม,ผู้สูงอายุกินยาแก้แพ้ได้ไหม,,ได้ แต่ต้องระวังง่วง มึนงง และเสี่ยงหกล้ม,"สมาคมเวชศาสตร์ผู้สูงอายุไทย, American Geriatrics Society (ตามที่ระบุในไฟล์เดิม ยังไม่ได้ตรวจสอบ)",ไฟล์ชุดคำถามเดิมของผู้ใช้,รอเภสัชกรตรวจ
orig-030,ชุดคำถามเดิม,รู้สึกดีขึ้นแล้ว หยุดยาเองได้ไหม,,ไม่ควร เพราะยาหลายตัวต้องกินครบตามแผนการรักษา เพื่อป้องกันอาการกลับมา,"กระทรวงสาธารณสุข, World Health Organization (ตามที่ระบุในไฟล์เดิม ยังไม่ได้ตรวจสอบ)",ไฟล์ชุดคำถามเดิมของผู้ใช้,รอเภสัชกรตรวจ
drug-001-description,ยารายตัว/สรรพคุณ,เมทฟอร์มิน (Metformin) ใช้รักษาอะไร,เมทฟอร์มิน ใช้ทำอะไร | Metformin ใช้ทำอะไร | กินเมทฟอร์มินเพื่ออะไร,เมทฟอร์มิน (Metformin) ใช้สำหรับควบคุมระดับน้ำตาลในเลือดและรักษาภาวะเบาหวานชนิดที่ 2 (ข้อมูลทั่วไป ควรใช้ตามที่แพทย์หรือเภสัชกรแนะนำ),ฐานข้อมูลยา NSC (medicines.csv) — คัดลอกข้อความจากฐานข้อมูล ไม่ได้เพิ่มเติมเอง,สร้างจากฐานข้อมูลยา (template),รอเภสัชกรตรวจ
drug-001-usage,ยารายตัว/วิธีใช้,เมทฟอร์มิน (Metformin) กินยังไง,วิธีใช้ เมทฟอร์มิน | วิธีใช้ Metformin | เมทฟอร์มิน กินตอนไหน,วิธีใช้ตามฐานข้อมูลยา: รับประทานพร้อมอาหารหรือหลังอาหารทันทีเพื่อลดผลข้างเคียงต่อระบบทางเดินอาหาร หากไม่แน่ใจเรื่องขนาดยา ให้ทำตามฉลากยาหรือถามเภสัชกร,ฐานข้อมูลยา NSC (medicines.csv) — คัดลอกข้อความจากฐานข้อมูล ไม่ได้เพิ่มเติมเอง,สร้างจากฐานข้อมูลยา (template),รอเภสัชกรตรวจ
drug-001-precautions,ยารายตัว/ข้อควรระวัง,เมทฟอร์มิน (Metformin) มีข้อควรระวังอะไรบ้าง,ใครห้ามกิน เมทฟอร์มิน | ใครห้ามกิน Metformin | เมทฟอร์มิน ระวังอะไร,ข้อควรระวังตามฐานข้อมูลยา: ห้ามใช้ในผู้ป่วยที่มีภาวะ Renal Impairment หรืออัตราการกรองของไต (eGFR) < 30 mL/min/1.73m² (ข้อมูลทั่วไป ควรใช้ตามที่แพทย์หรือเภสัชกรแนะนำ),ฐานข้อมูลยา NSC (medicines.csv) — คัดลอกข้อความจากฐานข้อมูล ไม่ได้เพิ่มเติมเอง,สร้างจากฐานข้อมูลยา (template),รอเภสัชกรตรวจ
drug-001-side_effects,ยารายตัว/ผลข้างเคียง,เมทฟอร์มิน (Metformin) มีผลข้างเคียงอะไรบ้าง,กิน เมทฟอร์มิน แล้วมีอาการอะไรได้บ้าง | กิน Metformin แล้วมีอาการอะไรได้บ้าง | เมทฟอร์มิน มีผลเสียไหม,ผลข้างเคียงตามฐานข้อมูลยา: เสี่ยงต่อการเกิดภาวะ Lactic Acidosis และระคายเคือง Gastrointestinal tract ถ้ามีอาการรุนแรงหรือกังวล ให้รีบปรึกษาแพทย์หรือเภสัชกร ไม่ควรหยุดยาประจำเองโดยไม่ถาม,ฐานข้อมูลยา NSC (medicines.csv) — คัดลอกข้อความจากฐานข้อมูล ไม่ได้เพิ่มเติมเอง,สร้างจากฐานข้อมูลยา (template),รอเภสัชกรตรวจ
drug-002-description,ยารายตัว/สรรพคุณ,กลีพิไซด์ (Glipizide) ใช้รักษาอะไร,กลีพิไซด์ ใช้ทำอะไร | Glipizide ใช้ทำอะไร | กินกลีพิไซด์เพื่ออะไร,กลีพิไซด์ (Glipizide) ใช้สำหรับกระตุ้นการหลั่งอินซูลินจากตับอ่อนเพื่อลดระดับน้ำตาลในเลือด (ข้อมูลทั่วไป ควรใช้ตามที่แพทย์หรือเภสัชกรแนะนำ),ฐานข้อมูลยา NSC (medicines.csv) — คัดลอกข้อความจากฐานข้อมูล ไม่ได้เพิ่มเติมเอง,สร้างจากฐานข้อมูลยา (template),รอเภสัชกรตรวจ
drug-002-usage,ยารายตัว/วิธีใช้,กลีพิไซด์ (Glipizide) กินยังไง,วิธีใช้ กลีพิไซด์ | วิธีใช้ Glipizide | กลีพิไซด์ กินตอนไหน,วิธีใช้ตามฐานข้อมูลยา: รับประทานก่อนอาหารมื้อหลัก 30 นาที เพื่อประสิทธิภาพในการกระตุ้นการหลั่งอินซูลิน หากไม่แน่ใจเรื่องขนาดยา ให้ทำตามฉลากยาหรือถามเภสัชกร,ฐานข้อมูลยา NSC (medicines.csv) — คัดลอกข้อความจากฐานข้อมูล ไม่ได้เพิ่มเติมเอง,สร้างจากฐานข้อมูลยา (template),รอเภสัชกรตรวจ
drug-002-precautions,ยารายตัว/ข้อควรระวัง,กลีพิไซด์ (Glipizide) มีข้อควรระวังอะไรบ้าง,ใครห้ามกิน กลีพิไซด์ | ใครห้ามกิน Glipizide | กลีพิไซด์ ระวังอะไร,ข้อควรระวังตามฐานข้อมูลยา: พึงระวังการเกิดภาวะ Severe Hypoglycemia ในผู้สูงอายุและผู้ป่วยที่มีภาวะตับบกพร่อง (ข้อมูลทั่วไป ควรใช้ตามที่แพทย์หรือเภสัชกรแนะนำ),ฐานข้อมูลยา NSC (medicines.csv) — คัดลอกข้อความจากฐานข้อมูล ไม่ได้เพิ่มเติมเอง,สร้างจากฐานข้อมูลยา (template),รอเภสัชกรตรวจ
drug-002-side_effects,ยารายตัว/ผลข้างเคียง,กลีพิไซด์ (Glipizide) มีผลข้างเคียงอะไรบ้าง,กิน กลีพิไซด์ แล้วมีอาการอะไรได้บ้าง | กิน Glipizide แล้วมีอาการอะไรได้บ้าง | กลีพิไซด์ มีผลเสียไหม,"ผลข้างเคียงตามฐานข้อมูลยา: อาจส่งผลให้เกิดอาการ Diaphoresis, Palpitation และวิงเวียนศีรษะจากน้ำตาลในเลือดต่ำ ถ้ามีอาการรุนแรงหรือกังวล ให้รีบปรึกษาแพทย์หรือเภสัชกร ไม่ควรหยุดยาประจำเองโดยไม่ถาม",ฐานข้อมูลยา NSC (medicines.csv) — คัดลอกข้อความจากฐานข้อมูล ไม่ได้เพิ่มเติมเอง,สร้างจากฐานข้อมูลยา (template),รอเภสัชกรตรวจ
drug-003-description,ยารายตัว/สรรพคุณ,ไพโอกลิตาโซน (Pioglitazone) ใช้รักษาอะไร,ไพโอกลิตาโซน ใช้ทำอะไร | Pioglitazone ใช้ทำอะไร | กินไพโอกลิตาโซนเพื่ออะไร,ไพโอกลิตาโซน (Pioglitazone) ใช้สำหรับเพิ่มความไวต่ออินซูลินและลดการสร้างน้ำตาลจากตับ (ข้อมูลทั่วไป ควรใช้ตามที่แพทย์หรือเภสัชกรแนะนำ),ฐานข้อมูลยา NSC (medicines.csv) — คัดลอกข้อความจากฐานข้อมูล ไม่ได้เพิ่มเติมเอง,สร้างจากฐานข้อมูลยา (template),รอเภสัชกรตรวจ
drug-003-usage,ยารายตัว/วิธีใช้,ไพโอกลิตาโซน (Pioglitazone) กินยังไง,วิธีใช้ ไพโอกลิตาโซน | วิธีใช้ Pioglitazone | ไพโอกลิตาโซน กินตอนไหน,วิธีใช้ตามฐานข้อมูลยา: รับประทานวันละ 1 ครั้ง โดยไม่สัมพันธ์กับมื้ออาหาร หากไม่แน่ใจเรื่องขนาดยา ให้ทำตามฉลากยาหรือถามเภสัชกร,ฐานข้อมูลยา NSC (medicines.csv) — คัดลอกข้อความจากฐานข้อมูล ไม่ได้เพิ่มเติมเอง,สร้างจากฐานข้อมูลยา (template),รอเภสัชกรตรวจ
drug-003-precautions,ยารายตัว/ข้อควรระวัง,ไพโอกลิตาโซน (Pioglitazone) มีข้อควรระวังอะไรบ้าง,ใครห้ามกิน ไพโอกลิตาโซน | ใครห้ามกิน Pioglitazone | ไพโอกลิตาโซน ระวังอะไร,ข้อควรระวังตามฐานข้อมูลยา: ห้ามใช้ในผู้ป่วยที่มีประวัติ New NYHA Class III หรือ IV Heart Failure เนื่องจากเสี่ยงต่อการคั่งของน้ำ (ข้อมูลทั่วไป ควรใช้ตามที่แพทย์หรือเภสัชกรแนะนำ),ฐานข้อมูลยา NSC (medicines.csv) — คัดลอกข้อความจากฐานข้อมูล ไม่ได้เพิ่มเติมเอง,สร้างจากฐานข้อมูลยา (template),รอเภสัชกรตรวจ
drug-003-side_effects,ยารายตัว/ผลข้างเคียง,ไพโอกลิตาโซน (Pioglitazone) มีผลข้างเคียงอะไรบ้าง,กิน ไพโอกลิตาโซน แล้วมีอาการอะไรได้บ้าง | กิน Pioglitazone แล้วมีอาการอะไรได้บ้าง | ไพโอกลิตาโซน มีผลเสียไหม,ผลข้างเคียงตามฐานข้อมูลยา: มีอุบัติการณ์เกิด Peripheral Edema และมีน้ำหนักตัวเพิ่มขึ้นจากการสะสมของของเหลว ถ้ามีอาการรุนแรงหรือกังวล ให้รีบปรึกษาแพทย์หรือเภสัชกร ไม่ควรหยุดยาประจำเองโดยไม่ถาม,ฐานข้อมูลยา NSC (medicines.csv) — คัดลอกข้อความจากฐานข้อมูล ไม่ได้เพิ่มเติมเอง,สร้างจากฐานข้อมูลยา (template),รอเภสัชกรตรวจ
drug-004-description,ยารายตัว/สรรพคุณ,แอมโลดิพีน (Amlodipine) ใช้รักษาอะไร,แอมโลดิพีน ใช้ทำอะไร | Amlodipine ใช้ทำอะไร | กินแอมโลดิพีนเพื่ออะไร,แอมโลดิพีน (Amlodipine) ใช้สำหรับขยายหลอดเลือดส่วนปลายเพื่อลดความดันโลหิตสูงและป้องกันภาวะเจ็บแน่นหน้าอก (ข้อมูลทั่วไป ควรใช้ตามที่แพทย์หรือเภสัชกรแนะนำ),ฐานข้อมูลยา NSC (medicines.csv) — คัดลอกข้อความจากฐานข้อมูล ไม่ได้เพิ่มเติมเอง,สร้างจากฐานข้อมูลยา (template),รอเภสัชกรตรวจ
drug-004-usage,ยารายตัว/วิธีใช้,แอมโลดิพีน (Amlodipine) กินยังไง,วิธีใช้ แอมโลดิพีน | วิธีใช้ Amlodipine | แอมโลดิพีน กินตอนไหน,วิธีใช้ตามฐานข้อมูลยา: รับประทานวันละ 1 ครั้ง เวลาเดียวกันในแต่ละวันเพื่อคงระดับยาในกระแสเลือด หากไม่แน่ใจเรื่องขนาดยา ให้ทำตามฉลากยาหรือถามเภสัชกร,ฐานข้อมูลยา NSC (medicines.csv) — คัดลอกข้อความจากฐานข้อมูล ไม่ได้เพิ่มเติมเอง,สร้างจากฐานข้อมูลยา (template),รอเภสัชกรตรวจ
drug-004-precautions,ยารายตัว/ข้อควรระวัง,แอมโลดิพีน (Amlodipine) มีข้อควรระวังอะไรบ้าง,ใครห้ามกิน แอมโลดิพีน | ใครห้ามกิน Amlodipine | แอมโลดิพีน ระวังอะไร,ข้อควรระวังตามฐานข้อมูลยา: พึงระวังภาวะ Orthostatic Hypotension ในผู้ป่วยสูงอายุขณะเปลี่ยนอิริยาบถอย่างกะทันหัน (ข้อมูลทั่วไป ควรใช้ตามที่แพทย์หรือเภสัชกรแนะนำ),ฐานข้อมูลยา NSC (medicines.csv) — คัดลอกข้อความจากฐานข้อมูล ไม่ได้เพิ่มเติมเอง,สร้างจากฐานข้อมูลยา (template),รอเภสัชกรตรวจ
drug-004-side_effects,ยารายตัว/ผลข้างเคียง,แอมโลดิพีน (Amlodipine) มีผลข้างเคียงอะไรบ้าง,กิน แอมโลดิพีน แล้วมีอาการอะไรได้บ้าง | กิน Amlodipine แล้วมีอาการอะไรได้บ้าง | แอมโลดิพีน มีผลเสียไหม,ผลข้างเคียงตามฐานข้อมูลยา: อาจก่อให้เกิดอาการ Peripheral Edema บริเวณข้อเท้า และภาวะ Facial Flushing จากหลอดเลือดขยายตัว ถ้ามีอาการรุนแรงหรือกังวล ให้รีบปรึกษาแพทย์หรือเภสัชกร ไม่ควรหยุดยาประจำเองโดยไม่ถาม,ฐานข้อมูลยา NSC (medicines.csv) — คัดลอกข้อความจากฐานข้อมูล ไม่ได้เพิ่มเติมเอง,สร้างจากฐานข้อมูลยา (template),รอเภสัชกรตรวจ
drug-005-description,ยารายตัว/สรรพคุณ,โลซาร์แทน (Losartan) ใช้รักษาอะไร,โลซาร์แทน ใช้ทำอะไร | Losartan ใช้ทำอะไร | กินโลซาร์แทนเพื่ออะไร,โลซาร์แทน (Losartan) ใช้สำหรับลดความดันโลหิตและชะลอความเสื่อมของไตในผู้ป่วยเบาหวาน (ข้อมูลทั่วไป ควรใช้ตามที่แพทย์หรือเภสัชกรแนะนำ),ฐานข้อมูลยา NSC (medicines.csv) — คัดลอกข้อความจากฐานข้อมูล ไม่ได้เพิ่มเติมเอง,สร้างจากฐานข้อมูลยา (template),รอเภสัชกรตรวจ
drug-005-usage,ยารายตัว/วิธีใช้,โลซาร์แทน (Losartan) กินยังไง,วิธีใช้ โลซาร์แทน | วิธีใช้ Losartan | โลซาร์แทน กินตอนไหน,วิธีใช้ตามฐานข้อมูลยา: รับประทานวันละ 1 ครั้ง สามารถรับประทานก่อนหรือหลังอาหารก็ได้ หากไม่แน่ใจเรื่องขนาดยา ให้ทำตามฉลากยาหรือถามเภสัชกร,ฐานข้อมูลยา NSC (medicines.csv) — คัดลอกข้อความจากฐานข้อมูล ไม่ได้เพิ่มเติมเอง,สร้างจากฐานข้อมูลยา (template),รอเภสัชกรตรวจ
drug-005-precautions,ยารายตัว/ข้อควรระวัง,โลซาร์แทน (Losartan) มีข้อควรระวังอะไรบ้าง,ใครห้ามกิน โลซาร์แทน | ใครห้ามกิน Losartan | โลซาร์แทน ระวังอะไร,ข้อควรระวังตามฐานข้อมูลยา: ห้ามใช้ร่วมกับยากลุ่ม ACEIs หรือ Aliskiren และห้ามใช้ในสตรีมีครรภ์เนื่องจากมีฤทธิ์เป็น Fetotoxicity (ข้อมูลทั่วไป ควรใช้ตามที่แพทย์หรือเภสัชกรแนะนำ),ฐานข้อมูลยา NSC (medicines.csv) — คัดลอกข้อความจากฐานข้อมูล ไม่ได้เพิ่มเติมเอง,สร้างจากฐานข้อมูลยา (template),รอเภสัชกรตรวจ
drug-005-side_effects,ยารายตัว/ผลข้างเคียง,โลซาร์แทน (Losartan) มีผลข้างเคียงอะไรบ้าง,กิน โลซาร์แทน แล้วมีอาการอะไรได้บ้าง | กิน Losartan แล้วมีอาการอะไรได้บ้าง | โลซาร์แทน มีผลเสียไหม,ผลข้างเคียงตามฐานข้อมูลยา: อาจส่งผลให้เกิดภาวะ Hyperkalemia (โพแทสเซียมในเลือดสูง) และมีอาการ Vertigo ถ้ามีอาการรุนแรงหรือกังวล ให้รีบปรึกษาแพทย์หรือเภสัชกร ไม่ควรหยุดยาประจำเองโดยไม่ถาม,ฐานข้อมูลยา NSC (medicines.csv) — คัดลอกข้อความจากฐานข้อมูล ไม่ได้เพิ่มเติมเอง,สร้างจากฐานข้อมูลยา (template),รอเภสัชกรตรวจ
drug-006-description,ยารายตัว/สรรพคุณ,อีนนาลาพริล (Enalapril) ใช้รักษาอะไร,อีนนาลาพริล ใช้ทำอะไร | Enalapril ใช้ทำอะไร | กินอีนนาลาพริลเพื่ออะไร,อีนนาลาพริล (Enalapril) ใช้สำหรับลดความดันโลหิต ขยายหลอดเลือด และลดภาระการทำงานของหัวใจ (ข้อมูลทั่วไป ควรใช้ตามที่แพทย์หรือเภสัชกรแนะนำ),ฐานข้อมูลยา NSC (medicines.csv) — คัดลอกข้อความจากฐานข้อมูล ไม่ได้เพิ่มเติมเอง,สร้างจากฐานข้อมูลยา (template),รอเภสัชกรตรวจ
drug-006-usage,ยารายตัว/วิธีใช้,อีนนาลาพริล (Enalapril) กินยังไง,วิธีใช้ อีนนาลาพริล | วิธีใช้ Enalapril | อีนนาลาพริล กินตอนไหน,วิธีใช้ตามฐานข้อมูลยา: รับประทานวันละ 1-2 ครั้ง ตามขนาดยาที่แพทย์ปรับเปลี่ยนตามสภาวะโรค หากไม่แน่ใจเรื่องขนาดยา ให้ทำตามฉลากยาหรือถามเภสัชกร,ฐานข้อมูลยา NSC (medicines.csv) — คัดลอกข้อความจากฐานข้อมูล ไม่ได้เพิ่มเติมเอง,สร้างจากฐานข้อมูลยา (template),รอเภสัชกรตรวจ
drug-006-precautions,ยารายตัว/ข้อควรระวัง,อีนนาลาพริล (Enalapril) มีข้อควรระวังอะไรบ้าง,ใครห้ามกิน อีนนาลาพริล | ใครห้ามกิน Enalapril | อีนนาลาพริล ระวังอะไร,ข้อควรระวังตามฐานข้อมูลยา: อาจก่อให้เกิดอาการ Idiopathic Dry Cough อันเนื่องมาจากปฏิกิริยาเพิ่มขึ้นของ Bradykinin (ข้อมูลทั่วไป ควรใช้ตามที่แพทย์หรือเภสัชกรแนะนำ),ฐานข้อมูลยา NSC (medicines.csv) — คัดลอกข้อความจากฐานข้อมูล ไม่ได้เพิ่มเติมเอง,สร้างจากฐานข้อมูลยา (template),รอเภสัชกรตรวจ
drug-006-side_effects,ยารายตัว/ผลข้างเคียง,อีนนาลาพริล (Enalapril) มีผลข้างเคียงอะไรบ้าง,กิน อีนนาลาพริล แล้วมีอาการอะไรได้บ้าง | กิน Enalapril แล้วมีอาการอะไรได้บ้าง | อีนนาลาพริล มีผลเสียไหม,ผลข้างเคียงตามฐานข้อมูลยา: มีความเสี่ยงต่อการเกิด Angioedema (อาการบวมของเนื้อเยื่อชั้นลึก) และผื่นผิวหนัง ถ้ามีอาการรุนแรงหรือกังวล ให้รีบปรึกษาแพทย์หรือเภสัชกร ไม่ควรหยุดยาประจำเองโดยไม่ถาม,ฐานข้อมูลยา NSC (medicines.csv) — คัดลอกข้อความจากฐานข้อมูล ไม่ได้เพิ่มเติมเอง,สร้างจากฐานข้อมูลยา (template),รอเภสัชกรตรวจ
drug-007-description,ยารายตัว/สรรพคุณ,อาเทโนลอล (Atenolol) ใช้รักษาอะไร,อาเทโนลอล ใช้ทำอะไร | Atenolol ใช้ทำอะไร | กินอาเทโนลอลเพื่ออะไร,อาเทโนลอล (Atenolol) ใช้สำหรับลดความดันโลหิต ควบคุมอัตราการเต้นของหัวใจ และลดอาการใจสั่น (ข้อมูลทั่วไป ควรใช้ตามที่แพทย์หรือเภสัชกรแนะนำ),ฐานข้อมูลยา NSC (medicines.csv) — คัดลอกข้อความจากฐานข้อมูล ไม่ได้เพิ่มเติมเอง,สร้างจากฐานข้อมูลยา (template),รอเภสัชกรตรวจ
drug-007-usage,ยารายตัว/วิธีใช้,อาเทโนลอล (Atenolol) กินยังไง,วิธีใช้ อาเทโนลอล | วิธีใช้ Atenolol | อาเทโนลอล กินตอนไหน,วิธีใช้ตามฐานข้อมูลยา: รับประทานก่อนอาหารอย่างน้อย 1 ชั่วโมง ขณะท้องว่างเพื่อให้ยาดูดซึมได้สูงสุด หากไม่แน่ใจเรื่องขนาดยา ให้ทำตามฉลากยาหรือถามเภสัชกร,ฐานข้อมูลยา NSC (medicines.csv) — คัดลอกข้อความจากฐานข้อมูล ไม่ได้เพิ่มเติมเอง,สร้างจากฐานข้อมูลยา (template),รอเภสัชกรตรวจ
drug-007-precautions,ยารายตัว/ข้อควรระวัง,อาเทโนลอล (Atenolol) มีข้อควรระวังอะไรบ้าง,ใครห้ามกิน อาเทโนลอล | ใครห้ามกิน Atenolol | อาเทโนลอล ระวังอะไร,ข้อควรระวังตามฐานข้อมูลยา: ห้ามทำการหยุดยาในทันทีทันใด (Abrupt Cessation) เนื่องจากอาจกระตุ้นให้เกิด Rebound Hypertension (ข้อมูลทั่วไป ควรใช้ตามที่แพทย์หรือเภสัชกรแนะนำ),ฐานข้อมูลยา NSC (medicines.csv) — คัดลอกข้อความจากฐานข้อมูล ไม่ได้เพิ่มเติมเอง,สร้างจากฐานข้อมูลยา (template),รอเภสัชกรตรวจ
drug-007-side_effects,ยารายตัว/ผลข้างเคียง,อาเทโนลอล (Atenolol) มีผลข้างเคียงอะไรบ้าง,กิน อาเทโนลอล แล้วมีอาการอะไรได้บ้าง | กิน Atenolol แล้วมีอาการอะไรได้บ้าง | อาเทโนลอล มีผลเสียไหม,ผลข้างเคียงตามฐานข้อมูลยา: ส่งผลให้เกิดภาวะ Bradycardia (ชีพจรเต้นช้า) และ Fatigue (อ่อนเพลียเรื้อรัง) ถ้ามีอาการรุนแรงหรือกังวล ให้รีบปรึกษาแพทย์หรือเภสัชกร ไม่ควรหยุดยาประจำเองโดยไม่ถาม,ฐานข้อมูลยา NSC (medicines.csv) — คัดลอกข้อความจากฐานข้อมูล ไม่ได้เพิ่มเติมเอง,สร้างจากฐานข้อมูลยา (template),รอเภสัชกรตรวจ
drug-008-description,ยารายตัว/สรรพคุณ,ไฮโดรคลอโรไทอะไซด์ (Hydrochlorothiazide) ใช้รักษาอะไร,ไฮโดรคลอโรไทอะไซด์ ใช้ทำอะไร | Hydrochlorothiazide ใช้ทำอะไร | กินไฮโดรคลอโรไทอะไซด์เพื่ออะไร,ไฮโดรคลอโรไทอะไซด์ (Hydrochlorothiazide) ใช้สำหรับขับปัสสาวะเพื่อลดปริมาณน้ำคั่งในร่างกายและลดความดันโลหิตสูง (ข้อมูลทั่วไป ควรใช้ตามที่แพทย์หรือเภสัชกรแนะนำ),ฐานข้อมูลยา NSC (medicines.csv) — คัดลอกข้อความจากฐานข้อมูล ไม่ได้เพิ่มเติมเอง,สร้างจากฐานข้อมูลยา (template),รอเภสัชกรตรวจ
drug-008-usage,ยารายตัว/วิธีใช้,ไฮโดรคลอโรไทอะไซด์ (Hydrochlorothiazide) กินยังไง,วิธีใช้ ไฮโดรคลอโรไทอะไซด์ | วิธีใช้ Hydrochlorothiazide | ไฮโดรคลอโรไทอะไซด์ กินตอนไหน,วิธีใช้ตามฐานข้อมูลยา: รับประทานในตอนเช้าเพื่อหลีกเลี่ยงภาวะ Nocturia (การตื่นปัสสาวะบ่อยในเวลากลางคืน) หากไม่แน่ใจเรื่องขนาดยา ให้ทำตามฉลากยาหรือถามเภสัชกร,ฐานข้อมูลยา NSC (medicines.csv) — คัดลอกข้อความจากฐานข้อมูล ไม่ได้เพิ่มเติมเอง,สร้างจากฐานข้อมูลยา (template),รอเภสัชกรตรวจ
drug-008-precautions,ยารายตัว/ข้อควรระวัง,ไฮโดรคลอโรไทอะไซด์ (Hydrochlorothiazide) มีข้อควรระวังอะไรบ้าง,ใครห้ามกิน ไฮโดรคลอโรไทอะไซด์ | ใครห้ามกิน Hydrochlorothiazide | ไฮโดรคลอโรไทอะไซด์ ระวังอะไร,ข้อควรระวังตามฐานข้อมูลยา: พึงเฝ้าระวังภาวะ Electrolyte Imbalance เช่น Hypokalemia และภาวะ Dehydration (ข้อมูลทั่วไป ควรใช้ตามที่แพทย์หรือเภสัชกรแนะนำ),ฐานข้อมูลยา NSC (medicines.csv) — คัดลอกข้อความจากฐานข้อมูล ไม่ได้เพิ่มเติมเอง,สร้างจากฐานข้อมูลยา (template),รอเภสัชกรตรวจ
drug-008-side_effects,ยารายตัว/ผลข้างเคียง,ไฮโดรคลอโรไทอะไซด์ (Hydrochlorothiazide) มีผลข้างเคียงอะไรบ้าง,กิน ไฮโดรคลอโรไทอะไซด์ แล้วมีอาการอะไรได้บ้าง | กิน Hydrochlorothiazide แล้วมีอาการอะไรได้บ้าง | ไฮโดรคลอโรไทอะไซด์ มีผลเสียไหม,ผลข้างเคียงตามฐานข้อมูลยา: อาจส่งผลให้เกิดภาวะ Hyperuricemia (กรดยูริกในเลือดสูง) และกระตุ้นโรค Gouty Arthritis ถ้ามีอาการรุนแรงหรือกังวล ให้รีบปรึกษาแพทย์หรือเภสัชกร ไม่ควรหยุดยาประจำเองโดยไม่ถาม,ฐานข้อมูลยา NSC (medicines.csv) — คัดลอกข้อความจากฐานข้อมูล ไม่ได้เพิ่มเติมเอง,สร้างจากฐานข้อมูลยา (template),รอเภสัชกรตรวจ
drug-009-description,ยารายตัว/สรรพคุณ,ซิมวาสตาติน (Simvastatin) ใช้รักษาอะไร,ซิมวาสตาติน ใช้ทำอะไร | Simvastatin ใช้ทำอะไร | กินซิมวาสตาตินเพื่ออะไร,ซิมวาสตาติน (Simvastatin) ใช้สำหรับลดระดับคอเลสเตอรอลรวมและไขมันชนิดเลว (LDL) ในกระแสเลือด (ข้อมูลทั่วไป ควรใช้ตามที่แพทย์หรือเภสัชกรแนะนำ),ฐานข้อมูลยา NSC (medicines.csv) — คัดลอกข้อความจากฐานข้อมูล ไม่ได้เพิ่มเติมเอง,สร้างจากฐานข้อมูลยา (template),รอเภสัชกรตรวจ
drug-009-usage,ยารายตัว/วิธีใช้,ซิมวาสตาติน (Simvastatin) กินยังไง,วิธีใช้ ซิมวาสตาติน | วิธีใช้ Simvastatin | ซิมวาสตาติน กินตอนไหน,วิธีใช้ตามฐานข้อมูลยา: รับประทานวันละ 1 ครั้ง ในช่วงเวลาก่อนนอนเนื่องจากกระบวนการสังเคราะห์คอเลสเตอรอลเกิดขึ้นสูงสุดในเวลากลางคืน หากไม่แน่ใจเรื่องขนาดยา ให้ทำตามฉลากยาหรือถามเภสัชกร,ฐานข้อมูลยา NSC (medicines.csv) — คัดลอกข้อความจากฐานข้อมูล ไม่ได้เพิ่มเติมเอง,สร้างจากฐานข้อมูลยา (template),รอเภสัชกรตรวจ
drug-009-precautions,ยารายตัว/ข้อควรระวัง,ซิมวาสตาติน (Simvastatin) มีข้อควรระวังอะไรบ้าง,ใครห้ามกิน ซิมวาสตาติน | ใครห้ามกิน Simvastatin | ซิมวาสตาติน ระวังอะไร,ข้อควรระวังตามฐานข้อมูลยา: หลีกเลี่ยงการบริโภค CYP3A4 Inhibitors เช่น น้ำเกรปฟรุต หรือส้มโอ เนื่องจากจะเพิ่มระดับยาในเลือด (ข้อมูลทั่วไป ควรใช้ตามที่แพทย์หรือเภสัชกรแนะนำ),ฐานข้อมูลยา NSC (medicines.csv) — คัดลอกข้อความจากฐานข้อมูล ไม่ได้เพิ่มเติมเอง,สร้างจากฐานข้อมูลยา (template),รอเภสัชกรตรวจ
drug-009-side_effects,ยารายตัว/ผลข้างเคียง,ซิมวาสตาติน (Simvastatin) มีผลข้างเคียงอะไรบ้าง,กิน ซิมวาสตาติน แล้วมีอาการอะไรได้บ้าง | กิน Simvastatin แล้วมีอาการอะไรได้บ้าง | ซิมวาสตาติน มีผลเสียไหม,ผลข้างเคียงตามฐานข้อมูลยา: มีความเสี่ยงต่อการเกิด Myalgia (ปวดกล้ามเนื้อ) และอาจพัฒนาไปสู่ภาวะ Rhabdomyolysis ถ้ามีอาการรุนแรงหรือกังวล ให้รีบปรึกษาแพทย์หรือเภสัชกร ไม่ควรหยุดยาประจำเองโดยไม่ถาม,ฐานข้อมูลยา NSC (medicines.csv) — คัดลอกข้อความจากฐานข้อมูล ไม่ได้เพิ่มเติมเอง,สร้างจากฐานข้อมูลยา (template),รอเภสัชกรตรวจ
drug-010-description,ยารายตัว/สรรพคุณ,อะทอร์วาสตาติน (Atorvastatin) ใช้รักษาอะไร,อะทอร์วาสตาติน ใช้ทำอะไร | Atorvastatin ใช้ทำอะไร | กินอะทอร์วาสตาตินเพื่ออะไร,อะทอร์วาสตาติน (Atorvastatin) ใช้สำหรับลดระดับไขมันคอเลสเตอรอลชนิดเลว (LDL) และลดความเสี่ยงโรคหลอดเลือดหัวใจ (ข้อมูลทั่วไป ควรใช้ตามที่แพทย์หรือเภสัชกรแนะนำ),ฐานข้อมูลยา NSC (medicines.csv) — คัดลอกข้อความจากฐานข้อมูล ไม่ได้เพิ่มเติมเอง,สร้างจากฐานข้อมูลยา (template),รอเภสัชกรตรวจ
drug-010-usage,ยารายตัว/วิธีใช้,อะทอร์วาสตาติน (Atorvastatin) กินยังไง,วิธีใช้ อะทอร์วาสตาติน | วิธีใช้ Atorvastatin | อะทอร์วาสตาติน กินตอนไหน,วิธีใช้ตามฐานข้อมูลยา: รับประทานวันละ 1 ครั้ง เวลาใดก็ได้ แต่ควรเป็นเวลาเดียวกันของทุกวัน หากไม่แน่ใจเรื่องขนาดยา ให้ทำตามฉลากยาหรือถามเภสัชกร,ฐานข้อมูลยา NSC (medicines.csv) — คัดลอกข้อความจากฐานข้อมูล ไม่ได้เพิ่มเติมเอง,สร้างจากฐานข้อมูลยา (template),รอเภสัชกรตรวจ
drug-010-precautions,ยารายตัว/ข้อควรระวัง,อะทอร์วาสตาติน (Atorvastatin) มีข้อควรระวังอะไรบ้าง,ใครห้ามกิน อะทอร์วาสตาติน | ใครห้ามกิน Atorvastatin | อะทอร์วาสตาติน ระวังอะไร,ข้อควรระวังตามฐานข้อมูลยา: ผู้ป่วยควรได้รับการตรวจวิเคราะห์สภาวะการทำงานของตับ (Liver Function Test) เป็นระยะ (ข้อมูลทั่วไป ควรใช้ตามที่แพทย์หรือเภสัชกรแนะนำ),ฐานข้อมูลยา NSC (medicines.csv) — คัดลอกข้อความจากฐานข้อมูล ไม่ได้เพิ่มเติมเอง,สร้างจากฐานข้อมูลยา (template),รอเภสัชกรตรวจ
drug-010-side_effects,ยารายตัว/ผลข้างเคียง,อะทอร์วาสตาติน (Atorvastatin) มีผลข้างเคียงอะไรบ้าง,กิน อะทอร์วาสตาติน แล้วมีอาการอะไรได้บ้าง | กิน Atorvastatin แล้วมีอาการอะไรได้บ้าง | อะทอร์วาสตาติน มีผลเสียไหม,"ผลข้างเคียงตามฐานข้อมูลยา: อาจก่อให้เกิดอาการ Dyspepsia, Constipation และ Flatulence ในระบบทางเดินอาหาร ถ้ามีอาการรุนแรงหรือกังวล ให้รีบปรึกษาแพทย์หรือเภสัชกร ไม่ควรหยุดยาประจำเองโดยไม่ถาม",ฐานข้อมูลยา NSC (medicines.csv) — คัดลอกข้อความจากฐานข้อมูล ไม่ได้เพิ่มเติมเอง,สร้างจากฐานข้อมูลยา (template),รอเภสัชกรตรวจ
drug-011-description,ยารายตัว/สรรพคุณ,เจมไฟโบรซิล (Gemfibrozil) ใช้รักษาอะไร,เจมไฟโบรซิล ใช้ทำอะไร | Gemfibrozil ใช้ทำอะไร | กินเจมไฟโบรซิลเพื่ออะไร,เจมไฟโบรซิล (Gemfibrozil) ใช้สำหรับลดระดับไขมันไตรกลีเซอไรด์และเพิ่มระดับไขมันชนิดดี (HDL) ในเลือด (ข้อมูลทั่วไป ควรใช้ตามที่แพทย์หรือเภสัชกรแนะนำ),ฐานข้อมูลยา NSC (medicines.csv) — คัดลอกข้อความจากฐานข้อมูล ไม่ได้เพิ่มเติมเอง,สร้างจากฐานข้อมูลยา (template),รอเภสัชกรตรวจ
drug-011-usage,ยารายตัว/วิธีใช้,เจมไฟโบรซิล (Gemfibrozil) กินยังไง,วิธีใช้ เจมไฟโบรซิล | วิธีใช้ Gemfibrozil | เจมไฟโบรซิล กินตอนไหน,วิธีใช้ตามฐานข้อมูลยา: รับประทานวันละ 2 ครั้ง ก่อนอาหารเช้าและเย็นเป็นเวลา 30 นาที หากไม่แน่ใจเรื่องขนาดยา ให้ทำตามฉลากยาหรือถามเภสัชกร,ฐานข้อมูลยา NSC (medicines.csv) — คัดลอกข้อความจากฐานข้อมูล ไม่ได้เพิ่มเติมเอง,สร้างจากฐานข้อมูลยา (template),รอเภสัชกรตรวจ
drug-011-precautions,ยารายตัว/ข้อควรระวัง,เจมไฟโบรซิล (Gemfibrozil) มีข้อควรระวังอะไรบ้าง,ใครห้ามกิน เจมไฟโบรซิล | ใครห้ามกิน Gemfibrozil | เจมไฟโบรซิล ระวังอะไร,ข้อควรระวังตามฐานข้อมูลยา: ห้ามใช้ร่วมกับยากลุ่ม Statins บางชนิดเนื่องจากเพิ่มความเสี่ยงต่อการเกิด Myopathy อย่างรุนแรง (ข้อมูลทั่วไป ควรใช้ตามที่แพทย์หรือเภสัชกรแนะนำ),ฐานข้อมูลยา NSC (medicines.csv) — คัดลอกข้อความจากฐานข้อมูล ไม่ได้เพิ่มเติมเอง,สร้างจากฐานข้อมูลยา (template),รอเภสัชกรตรวจ
drug-011-side_effects,ยารายตัว/ผลข้างเคียง,เจมไฟโบรซิล (Gemfibrozil) มีผลข้างเคียงอะไรบ้าง,กิน เจมไฟโบรซิล แล้วมีอาการอะไรได้บ้าง | กิน Gemfibrozil แล้วมีอาการอะไรได้บ้าง | เจมไฟโบรซิล มีผลเสียไหม,ผลข้างเคียงตามฐานข้อมูลยา: อาจส่งผลให้เกิดภาวะ Cholelithiasis (นิ่วในถุงน้ำดี) และเกิดอาการระคายเคืองในช่องท้อง ถ้ามีอาการรุนแรงหรือกังวล ให้รีบปรึกษาแพทย์หรือเภสัชกร ไม่ควรหยุดยาประจำเองโดยไม่ถาม,ฐานข้อมูลยา NSC (medicines.csv) — คัดลอกข้อความจากฐานข้อมูล ไม่ได้เพิ่มเติมเอง,สร้างจากฐานข้อมูลยา (template),รอเภสัชกรตรวจ
drug-012-description,ยารายตัว/สรรพคุณ,แอสไพริน เม็ดเล็ก (Aspirin (81mg)) ใช้รักษาอะไร,แอสไพริน เม็ดเล็ก ใช้ทำอะไร | Aspirin (81mg) ใช้ทำอะไร | กินแอสไพริน เม็ดเล็กเพื่ออะไร,แอสไพริน เม็ดเล็ก (Aspirin (81mg)) ใช้สำหรับต้านการเกาะกลุ่มของเกล็ดเลือด เพื่อป้องกันภาวะอัมพฤกษ์ อัมพาต และโรคหลอดเลือดหัวใจอุดตัน (ข้อมูลทั่วไป ควรใช้ตามที่แพทย์หรือเภสัชกรแนะนำ),ฐานข้อมูลยา NSC (medicines.csv) — คัดลอกข้อความจากฐานข้อมูล ไม่ได้เพิ่มเติมเอง,สร้างจากฐานข้อมูลยา (template),รอเภสัชกรตรวจ
drug-012-usage,ยารายตัว/วิธีใช้,แอสไพริน เม็ดเล็ก (Aspirin (81mg)) กินยังไง,วิธีใช้ แอสไพริน เม็ดเล็ก | วิธีใช้ Aspirin (81mg) | แอสไพริน เม็ดเล็ก กินตอนไหน,วิธีใช้ตามฐานข้อมูลยา: รับประทานหลังอาหารทันทีและดื่มน้ำตามในปริมาณที่มากเพื่อลดปฏิกิริยากัดเซาะผิวหนัง หากไม่แน่ใจเรื่องขนาดยา ให้ทำตามฉลากยาหรือถามเภสัชกร,ฐานข้อมูลยา NSC (medicines.csv) — คัดลอกข้อความจากฐานข้อมูล ไม่ได้เพิ่มเติมเอง,สร้างจากฐานข้อมูลยา (template),รอเภสัชกรตรวจ
drug-012-precautions,ยารายตัว/ข้อควรระวัง,แอสไพริน เม็ดเล็ก (Aspirin (81mg)) มีข้อควรระวังอะไรบ้าง,ใครห้ามกิน แอสไพริน เม็ดเล็ก | ใครห้ามกิน Aspirin (81mg) | แอสไพริน เม็ดเล็ก ระวังอะไร,ข้อควรระวังตามฐานข้อมูลยา: ห้ามใช้ในผู้ป่วยที่มี Active Peptic Ulcer หรือมีประวัติเลือดออกในทางเดินอาหาร (GI Bleeding) (ข้อมูลทั่วไป ควรใช้ตามที่แพทย์หรือเภสัชกรแนะนำ),ฐานข้อมูลยา NSC (medicines.csv) — คัดลอกข้อความจากฐานข้อมูล ไม่ได้เพิ่มเติมเอง,สร้างจากฐานข้อมูลยา (template),รอเภสัชกรตรวจ
drug-012-side_effects,ยารายตัว/ผลข้างเคียง,แอสไพริน เม็ดเล็ก (Aspirin (81mg)) มีผลข้างเคียงอะไรบ้าง,กิน แอสไพริน เม็ดเล็ก แล้วมีอาการอะไรได้บ้าง | กิน Aspirin (81mg) แล้วมีอาการอะไรได้บ้าง | แอสไพริน เม็ดเล็ก มีผลเสียไหม,ผลข้างเคียงตามฐานข้อมูลยา: ส่งผลให้เกิดภาวะ Platelet Aggregation Inhibitor ทำให้เกล็ดเลือดไม่เกาะกลุ่มและเลือดแข็งตัวช้า ถ้ามีอาการรุนแรงหรือกังวล ให้รีบปรึกษาแพทย์หรือเภสัชกร ไม่ควรหยุดยาประจำเองโดยไม่ถาม,ฐานข้อมูลยา NSC (medicines.csv) — คัดลอกข้อความจากฐานข้อมูล ไม่ได้เพิ่มเติมเอง,สร้างจากฐานข้อมูลยา (template),รอเภสัชกรตรวจ
drug-013-description,ยารายตัว/สรรพคุณ,โคลพิโดเกรล (Clopidogrel) ใช้รักษาอะไร,โคลพิโดเกรล ใช้ทำอะไร | Clopidogrel ใช้ทำอะไร | กินโคลพิโดเกรลเพื่ออะไร,โคลพิโดเกรล (Clopidogrel) ใช้สำหรับป้องกันการก่อตัวของลิ่มเลือดในผู้ป่วยโรคหลอดเลือดสมองและหลอดเลือดหัวใจอุดตัน (ข้อมูลทั่วไป ควรใช้ตามที่แพทย์หรือเภสัชกรแนะนำ),ฐานข้อมูลยา NSC (medicines.csv) — คัดลอกข้อความจากฐานข้อมูล ไม่ได้เพิ่มเติมเอง,สร้างจากฐานข้อมูลยา (template),รอเภสัชกรตรวจ
drug-013-usage,ยารายตัว/วิธีใช้,โคลพิโดเกรล (Clopidogrel) กินยังไง,วิธีใช้ โคลพิโดเกรล | วิธีใช้ Clopidogrel | โคลพิโดเกรล กินตอนไหน,วิธีใช้ตามฐานข้อมูลยา: รับประทานวันละ 1 ครั้ง สามารถรับประทานพร้อมหรือนอกมื้ออาหารก็ได้ หากไม่แน่ใจเรื่องขนาดยา ให้ทำตามฉลากยาหรือถามเภสัชกร,ฐานข้อมูลยา NSC (medicines.csv) — คัดลอกข้อความจากฐานข้อมูล ไม่ได้เพิ่มเติมเอง,สร้างจากฐานข้อมูลยา (template),รอเภสัชกรตรวจ
drug-013-precautions,ยารายตัว/ข้อควรระวัง,โคลพิโดเกรล (Clopidogrel) มีข้อควรระวังอะไรบ้าง,ใครห้ามกิน โคลพิโดเกรล | ใครห้ามกิน Clopidogrel | โคลพิโดเกรล ระวังอะไร,ข้อควรระวังตามฐานข้อมูลยา: ควรระงับการใช้ยาอย่างน้อย 5-7 วันก่อนเข้ารับการผ่าตัดใหญ่หรือหัตถการทางทันตกรรม (ข้อมูลทั่วไป ควรใช้ตามที่แพทย์หรือเภสัชกรแนะนำ),ฐานข้อมูลยา NSC (medicines.csv) — คัดลอกข้อความจากฐานข้อมูล ไม่ได้เพิ่มเติมเอง,สร้างจากฐานข้อมูลยา (template),รอเภสัชกรตรวจ
drug-013-side_effects,ยารายตัว/ผลข้างเคียง,โคลพิโดเกรล (Clopidogrel) มีผลข้างเคียงอะไรบ้าง,กิน โคลพิโดเกรล แล้วมีอาการอะไรได้บ้าง | กิน Clopidogrel แล้วมีอาการอะไรได้บ้าง | โคลพิโดเกรล มีผลเสียไหม,ผลข้างเคียงตามฐานข้อมูลยา: อาจพบภาวะ Ecchymosis (รอยจ้ำเลือดใต้ผิวหนัง) และ Epistaxis (เลือดกำเดาไหล) ถ้ามีอาการรุนแรงหรือกังวล ให้รีบปรึกษาแพทย์หรือเภสัชกร ไม่ควรหยุดยาประจำเองโดยไม่ถาม,ฐานข้อมูลยา NSC (medicines.csv) — คัดลอกข้อความจากฐานข้อมูล ไม่ได้เพิ่มเติมเอง,สร้างจากฐานข้อมูลยา (template),รอเภสัชกรตรวจ
drug-014-description,ยารายตัว/สรรพคุณ,วาร์ฟาริน (Warfarin) ใช้รักษาอะไร,วาร์ฟาริน ใช้ทำอะไร | Warfarin ใช้ทำอะไร | กินวาร์ฟารินเพื่ออะไร,วาร์ฟาริน (Warfarin) ใช้สำหรับต้านการแข็งตัวของเลือด เพื่อป้องกันและรักษาภาวะลิ่มเลือดอุดตันในหลอดเลือดและหัวใจ (ข้อมูลทั่วไป ควรใช้ตามที่แพทย์หรือเภสัชกรแนะนำ),ฐานข้อมูลยา NSC (medicines.csv) — คัดลอกข้อความจากฐานข้อมูล ไม่ได้เพิ่มเติมเอง,สร้างจากฐานข้อมูลยา (template),รอเภสัชกรตรวจ
drug-014-usage,ยารายตัว/วิธีใช้,วาร์ฟาริน (Warfarin) กินยังไง,วิธีใช้ วาร์ฟาริน | วิธีใช้ Warfarin | วาร์ฟาริน กินตอนไหน,วิธีใช้ตามฐานข้อมูลยา: รับประทานวันละ 1 ครั้ง ในเวลาเดียวกันอย่างเคร่งครัดตามขนาดควบคุมโดยค่า INR หากไม่แน่ใจเรื่องขนาดยา ให้ทำตามฉลากยาหรือถามเภสัชกร,ฐานข้อมูลยา NSC (medicines.csv) — คัดลอกข้อความจากฐานข้อมูล ไม่ได้เพิ่มเติมเอง,สร้างจากฐานข้อมูลยา (template),รอเภสัชกรตรวจ
drug-014-precautions,ยารายตัว/ข้อควรระวัง,วาร์ฟาริน (Warfarin) มีข้อควรระวังอะไรบ้าง,ใครห้ามกิน วาร์ฟาริน | ใครห้ามกิน Warfarin | วาร์ฟาริน ระวังอะไร,ข้อควรระวังตามฐานข้อมูลยา: พึงควบคุมการบริโภคอาหารที่มีวิตามินเคสูง (ผักใบเขียว) ให้สม่เหมอเพื่อไม่ให้ส่งผลกระทบต่อ Anticoagulant effect (ข้อมูลทั่วไป ควรใช้ตามที่แพทย์หรือเภสัชกรแนะนำ),ฐานข้อมูลยา NSC (medicines.csv) — คัดลอกข้อความจากฐานข้อมูล ไม่ได้เพิ่มเติมเอง,สร้างจากฐานข้อมูลยา (template),รอเภสัชกรตรวจ
drug-014-side_effects,ยารายตัว/ผลข้างเคียง,วาร์ฟาริน (Warfarin) มีผลข้างเคียงอะไรบ้าง,กิน วาร์ฟาริน แล้วมีอาการอะไรได้บ้าง | กิน Warfarin แล้วมีอาการอะไรได้บ้าง | วาร์ฟาริน มีผลเสียไหม,ผลข้างเคียงตามฐานข้อมูลยา: มีความเสี่ยงสูงต่อการเกิด Severe Internal Hemorrhage (เลือดออกในอวัยวะภายในอย่างรุนแรง) ถ้ามีอาการรุนแรงหรือกังวล ให้รีบปรึกษาแพทย์หรือเภสัชกร ไม่ควรหยุดยาประจำเองโดยไม่ถาม,ฐานข้อมูลยา NSC (medicines.csv) — คัดลอกข้อความจากฐานข้อมูล ไม่ได้เพิ่มเติมเอง,สร้างจากฐานข้อมูลยา (template),รอเภสัชกรตรวจ
drug-015-description,ยารายตัว/สรรพคุณ,ไอโซซอร์ไบด์ (Isosorbide Dinitrate) ใช้รักษาอะไร,ไอโซซอร์ไบด์ ใช้ทำอะไร | Isosorbide Dinitrate ใช้ทำอะไร | กินไอโซซอร์ไบด์เพื่ออะไร,ไอโซซอร์ไบด์ (Isosorbide Dinitrate) ใช้สำหรับขยายหลอดเลือดหัวใจ เพื่อป้องกันและบรรเทาอาการเจ็บแน่นหน้าอก (ข้อมูลทั่วไป ควรใช้ตามที่แพทย์หรือเภสัชกรแนะนำ),ฐานข้อมูลยา NSC (medicines.csv) — คัดลอกข้อความจากฐานข้อมูล ไม่ได้เพิ่มเติมเอง,สร้างจากฐานข้อมูลยา (template),รอเภสัชกรตรวจ
drug-015-usage,ยารายตัว/วิธีใช้,ไอโซซอร์ไบด์ (Isosorbide Dinitrate) กินยังไง,วิธีใช้ ไอโซซอร์ไบด์ | วิธีใช้ Isosorbide Dinitrate | ไอโซซอร์ไบด์ กินตอนไหน,วิธีใช้ตามฐานข้อมูลยา: รับประทานก่อนอาหาร 1 ชั่วโมง หรือหลังอาหาร 2 ชั่วโมง เพื่อประสิทธิภาพการดูดซึม หากไม่แน่ใจเรื่องขนาดยา ให้ทำตามฉลากยาหรือถามเภสัชกร,ฐานข้อมูลยา NSC (medicines.csv) — คัดลอกข้อความจากฐานข้อมูล ไม่ได้เพิ่มเติมเอง,สร้างจากฐานข้อมูลยา (template),รอเภสัชกรตรวจ
drug-015-precautions,ยารายตัว/ข้อควรระวัง,ไอโซซอร์ไบด์ (Isosorbide Dinitrate) มีข้อควรระวังอะไรบ้าง,ใครห้ามกิน ไอโซซอร์ไบด์ | ใครห้ามกิน Isosorbide Dinitrate | ไอโซซอร์ไบด์ ระวังอะไร,ข้อควรระวังตามฐานข้อมูลยา: ห้ามใช้ร่วมกับยากลุ่ม Phosphodiesterase-5 Inhibitors (ยารักษาอาการหย่อนสมรรถภาพทางเพศ) เด็ดขาด (ข้อมูลทั่วไป ควรใช้ตามที่แพทย์หรือเภสัชกรแนะนำ),ฐานข้อมูลยา NSC (medicines.csv) — คัดลอกข้อความจากฐานข้อมูล ไม่ได้เพิ่มเติมเอง,สร้างจากฐานข้อมูลยา (template),รอเภสัชกรตรวจ
drug-015-side_effects,ยารายตัว/ผลข้างเคียง,ไอโซซอร์ไบด์ (Isosorbide Dinitrate) มีผลข้างเคียงอะไรบ้าง,กิน ไอโซซอร์ไบด์ แล้วมีอาการอะไรได้บ้าง | กิน Isosorbide Dinitrate แล้วมีอาการอะไรได้บ้าง | ไอโซซอร์ไบด์ มีผลเสียไหม,ผลข้างเคียงตามฐานข้อมูลยา: มักเกิดอาการ Vasodilatory Headache (ปวดศีรษะจากหลอดเลือดขยายตัว) ในระยะแรกของการรักษา ถ้ามีอาการรุนแรงหรือกังวล ให้รีบปรึกษาแพทย์หรือเภสัชกร ไม่ควรหยุดยาประจำเองโดยไม่ถาม,ฐานข้อมูลยา NSC (medicines.csv) — คัดลอกข้อความจากฐานข้อมูล ไม่ได้เพิ่มเติมเอง,สร้างจากฐานข้อมูลยา (template),รอเภสัชกรตรวจ
drug-016-description,ยารายตัว/สรรพคุณ,ดิจอกซิน (Digoxin) ใช้รักษาอะไร,ดิจอกซิน ใช้ทำอะไร | Digoxin ใช้ทำอะไร | กินดิจอกซินเพื่ออะไร,ดิจอกซิน (Digoxin) ใช้สำหรับเพิ่มแรงบีบตัวของหัวใจและควบคุมอัตราการเต้นของหัวใจในภาวะหัวใจล้มเหลว (ข้อมูลทั่วไป ควรใช้ตามที่แพทย์หรือเภสัชกรแนะนำ),ฐานข้อมูลยา NSC (medicines.csv) — คัดลอกข้อความจากฐานข้อมูล ไม่ได้เพิ่มเติมเอง,สร้างจากฐานข้อมูลยา (template),รอเภสัชกรตรวจ
drug-016-usage,ยารายตัว/วิธีใช้,ดิจอกซิน (Digoxin) กินยังไง,วิธีใช้ ดิจอกซิน | วิธีใช้ Digoxin | ดิจอกซิน กินตอนไหน,วิธีใช้ตามฐานข้อมูลยา: รับประทานวันละ 1 ครั้ง เวลาเดิมอย่างเคร่งครัดเนื่องจากมีค่า Narrow Therapeutic Index หากไม่แน่ใจเรื่องขนาดยา ให้ทำตามฉลากยาหรือถามเภสัชกร,ฐานข้อมูลยา NSC (medicines.csv) — คัดลอกข้อความจากฐานข้อมูล ไม่ได้เพิ่มเติมเอง,สร้างจากฐานข้อมูลยา (template),รอเภสัชกรตรวจ
drug-016-precautions,ยารายตัว/ข้อควรระวัง,ดิจอกซิน (Digoxin) มีข้อควรระวังอะไรบ้าง,ใครห้ามกิน ดิจอกซิน | ใครห้ามกิน Digoxin | ดิจอกซิน ระวังอะไร,"ข้อควรระวังตามฐานข้อมูลยา: พึงสังเกตอาการ Digitalis Toxicity เช่น Anorexia, Nausea และภาวะ Xanthopsia (เห็นภาพเป็นสีเหลือง) (ข้อมูลทั่วไป ควรใช้ตามที่แพทย์หรือเภสัชกรแนะนำ)",ฐานข้อมูลยา NSC (medicines.csv) — คัดลอกข้อความจากฐานข้อมูล ไม่ได้เพิ่มเติมเอง,สร้างจากฐานข้อมูลยา (template),รอเภสัชกรตรวจ
drug-016-side_effects,ยารายตัว/ผลข้างเคียง,ดิจอกซิน (Digoxin) มีผลข้างเคียงอะไรบ้าง,กิน ดิจอกซิน แล้วมีอาการอะไรได้บ้าง | กิน Digoxin แล้วมีอาการอะไรได้บ้าง | ดิจอกซิน มีผลเสียไหม,ผลข้างเคียงตามฐานข้อมูลยา: เสี่ยงต่อการเกิดภาวะ Cardiac Arrhythmia (หัวใจเต้นผิดจังหวะ) หากระดับยาในซีรั่มสูงเกินเกณฑ์ ถ้ามีอาการรุนแรงหรือกังวล ให้รีบปรึกษาแพทย์หรือเภสัชกร ไม่ควรหยุดยาประจำเองโดยไม่ถาม,ฐานข้อมูลยา NSC (medicines.csv) — คัดลอกข้อความจากฐานข้อมูล ไม่ได้เพิ่มเติมเอง,สร้างจากฐานข้อมูลยา (template),รอเภสัชกรตรวจ
drug-017-description,ยารายตัว/สรรพคุณ,ฟูโรเซไมด์ (Furosemide) ใช้รักษาอะไร,ฟูโรเซไมด์ ใช้ทำอะไร | Furosemide ใช้ทำอะไร | กินฟูโรเซไมด์เพื่ออะไร,ฟูโรเซไมด์ (Furosemide) ใช้สำหรับขับปัสสาวะเพื่อลดอาการบวมน้ำจากโรคหัวใจ โรคตับ และโรคไต (ข้อมูลทั่วไป ควรใช้ตามที่แพทย์หรือเภสัชกรแนะนำ),ฐานข้อมูลยา NSC (medicines.csv) — คัดลอกข้อความจากฐานข้อมูล ไม่ได้เพิ่มเติมเอง,สร้างจากฐานข้อมูลยา (template),รอเภสัชกรตรวจ
drug-017-usage,ยารายตัว/วิธีใช้,ฟูโรเซไมด์ (Furosemide) กินยังไง,วิธีใช้ ฟูโรเซไมด์ | วิธีใช้ Furosemide | ฟูโรเซไมด์ กินตอนไหน,วิธีใช้ตามฐานข้อมูลยา: รับประทานหลังอาหารในมื้อเช้า เพื่อป้องกันรบกวนการนอนหลับจากสภาวะขับปัสสาวะ หากไม่แน่ใจเรื่องขนาดยา ให้ทำตามฉลากยาหรือถามเภสัชกร,ฐานข้อมูลยา NSC (medicines.csv) — คัดลอกข้อความจากฐานข้อมูล ไม่ได้เพิ่มเติมเอง,สร้างจากฐานข้อมูลยา (template),รอเภสัชกรตรวจ
drug-017-precautions,ยารายตัว/ข้อควรระวัง,ฟูโรเซไมด์ (Furosemide) มีข้อควรระวังอะไรบ้าง,ใครห้ามกิน ฟูโรเซไมด์ | ใครห้ามกิน Furosemide | ฟูโรเซไมด์ ระวังอะไร,ข้อควรระวังตามฐานข้อมูลยา: ระวังการเกิดภาวะ Hypokalemia ซึ่งอาจนำไปสู่ภาวะกล้ามเนื้ออ่อนแรงและเหนี่ยวนำให้เกิดตะคริว (ข้อมูลทั่วไป ควรใช้ตามที่แพทย์หรือเภสัชกรแนะนำ),ฐานข้อมูลยา NSC (medicines.csv) — คัดลอกข้อความจากฐานข้อมูล ไม่ได้เพิ่มเติมเอง,สร้างจากฐานข้อมูลยา (template),รอเภสัชกรตรวจ
drug-017-side_effects,ยารายตัว/ผลข้างเคียง,ฟูโรเซไมด์ (Furosemide) มีผลข้างเคียงอะไรบ้าง,กิน ฟูโรเซไมด์ แล้วมีอาการอะไรได้บ้าง | กิน Furosemide แล้วมีอาการอะไรได้บ้าง | ฟูโรเซไมด์ มีผลเสียไหม,ผลข้างเคียงตามฐานข้อมูลยา: มีผลกระทบต่อระดับเกลือแร่ในร่างกาย และอาจเพิ่มระดับ Serum Uric Acid และ Blood Glucose ถ้ามีอาการรุนแรงหรือกังวล ให้รีบปรึกษาแพทย์หรือเภสัชกร ไม่ควรหยุดยาประจำเองโดยไม่ถาม,ฐานข้อมูลยา NSC (medicines.csv) — คัดลอกข้อความจากฐานข้อมูล ไม่ได้เพิ่มเติมเอง,สร้างจากฐานข้อมูลยา (template),รอเภสัชกรตรวจ
drug-018-description,ยารายตัว/สรรพคุณ,พาราเซตามอล (Paracetamol) ใช้รักษาอะไร,พาราเซตามอล ใช้ทำอะไร | Paracetamol ใช้ทำอะไร | กินพาราเซตามอลเพื่ออะไร,พาราเซตามอล (Paracetamol) ใช้สำหรับบรรเทาอาการปวดขั้นเบาถึงปานกลาง และลดไข้ (ข้อมูลทั่วไป ควรใช้ตามที่แพทย์หรือเภสัชกรแนะนำ),ฐานข้อมูลยา NSC (medicines.csv) — คัดลอกข้อความจากฐานข้อมูล ไม่ได้เพิ่มเติมเอง,สร้างจากฐานข้อมูลยา (template),รอเภสัชกรตรวจ
drug-018-usage,ยารายตัว/วิธีใช้,พาราเซตามอล (Paracetamol) กินยังไง,วิธีใช้ พาราเซตามอล | วิธีใช้ Paracetamol | พาราเซตามอล กินตอนไหน,"วิธีใช้ตามฐานข้อมูลยา: รับประทานทุก 4-6 ชั่วโมงเมื่อมีอาการปวดหรือมีไข้ ขนาดสูงสุดไม่เกิน 4,000 มิลลิกรัมต่อวัน หากไม่แน่ใจเรื่องขนาดยา ให้ทำตามฉลากยาหรือถามเภสัชกร",ฐานข้อมูลยา NSC (medicines.csv) — คัดลอกข้อความจากฐานข้อมูล ไม่ได้เพิ่มเติมเอง,สร้างจากฐานข้อมูลยา (template),รอเภสัชกรตรวจ
drug-018-precautions,ยารายตัว/ข้อควรระวัง,พาราเซตามอล (Paracetamol) มีข้อควรระวังอะไรบ้าง,ใครห้ามกิน พาราเซตามอล | ใครห้ามกิน Paracetamol | พาราเซตามอล ระวังอะไร,ข้อควรระวังตามฐานข้อมูลยา: ห้ามใช้ยาเกินขนาดที่แนะนำเนื่องจากจะเหนี่ยวนำให้เกิดภาวะ Hepatotoxicity (พิษต่อตับเฉียบพลัน) (ข้อมูลทั่วไป ควรใช้ตามที่แพทย์หรือเภสัชกรแนะนำ),ฐานข้อมูลยา NSC (medicines.csv) — คัดลอกข้อความจากฐานข้อมูล ไม่ได้เพิ่มเติมเอง,สร้างจากฐานข้อมูลยา (template),รอเภสัชกรตรวจ
drug-018-side_effects,ยารายตัว/ผลข้างเคียง,พาราเซตามอล (Paracetamol) มีผลข้างเคียงอะไรบ้าง,กิน พาราเซตามอล แล้วมีอาการอะไรได้บ้าง | กิน Paracetamol แล้วมีอาการอะไรได้บ้าง | พาราเซตามอล มีผลเสียไหม,ผลข้างเคียงตามฐานข้อมูลยา: ปฏิกิริยาไม่พึงประสงค์พบได้น้อย แต่อาจเกิดภาวะ Hypersensitivity เช่น ผื่นผิวหนังแบบ Stevens-Johnson Syndrome ถ้ามีอาการรุนแรงหรือกังวล ให้รีบปรึกษาแพทย์หรือเภสัชกร ไม่ควรหยุดยาประจำเองโดยไม่ถาม,ฐานข้อมูลยา NSC (medicines.csv) — คัดลอกข้อความจากฐานข้อมูล ไม่ได้เพิ่มเติมเอง,สร้างจากฐานข้อมูลยา (template),รอเภสัชกรตรวจ
drug-019-description,ยารายตัว/สรรพคุณ,อัลเวอรีน ซิเตรต ผสม ไซเมทิโคน (ชนิดแคปซูล/เม็ด) (Alverine citrate + Simethicone) ใช้รักษาอะไร,อัลเวอรีน ซิเตรต ผสม ไซเมทิโคน (ชนิดแคปซูล/เม็ด) ใช้ทำอะไร | Alverine citrate + Simethicone ใช้ทำอะไร | กินอัลเวอรีน ซิเตรต ผสม ไซเมทิโคน (ชนิดแคปซูล/เม็ด)เพื่ออะไร,อัลเวอรีน ซิเตรต ผสม ไซเมทิโคน (ชนิดแคปซูล/เม็ด) (Alverine citrate + Simethicone) ใช้สำหรับบรรเทาอาการปวดเกร็งช่องท้อง ท้องอืด แน่นท้อง และมีแก๊สในทางเดินอาหารมาก ในผู้ป่วยโรคขับถ่ายผิดปกติหรือลำไส้แปรปรวน (ข้อมูลทั่วไป ควรใช้ตามที่แพทย์หรือเภสัชกรแนะนำ),ฐานข้อมูลยา NSC (medicines.csv) — คัดลอกข้อความจากฐานข้อมูล ไม่ได้เพิ่มเติมเอง,สร้างจากฐานข้อมูลยา (template),รอเภสัชกรตรวจ
drug-019-usage,ยารายตัว/วิธีใช้,อัลเวอรีน ซิเตรต ผสม ไซเมทิโคน (ชนิดแคปซูล/เม็ด) (Alverine citrate + Simethicone) กินยังไง,วิธีใช้ อัลเวอรีน ซิเตรต ผสม ไซเมทิโคน (ชนิดแคปซูล/เม็ด) | วิธีใช้ Alverine citrate + Simethicone | อัลเวอรีน ซิเตรต ผสม ไซเมทิโคน (ชนิดแคปซูล/เม็ด) กินตอนไหน,วิธีใช้ตามฐานข้อมูลยา: รับประทานครั้งละ 1 เม็ด วันละ 3 ครั้ง ก่อนอาหารมื้อหลักหรือเมื่อมีอาการปวดเกร็ง หากไม่แน่ใจเรื่องขนาดยา ให้ทำตามฉลากยาหรือถามเภสัชกร,ฐานข้อมูลยา NSC (medicines.csv) — คัดลอกข้อความจากฐานข้อมูล ไม่ได้เพิ่มเติมเอง,สร้างจากฐานข้อมูลยา (template),รอเภสัชกรตรวจ
drug-019-precautions,ยารายตัว/ข้อควรระวัง,อัลเวอรีน ซิเตรต ผสม ไซเมทิโคน (ชนิดแคปซูล/เม็ด) (Alverine citrate + Simethicone) มีข้อควรระวังอะไรบ้าง,ใครห้ามกิน อัลเวอรีน ซิเตรต ผสม ไซเมทิโคน (ชนิดแคปซูล/เม็ด) | ใครห้ามกิน Alverine citrate + Simethicone | อัลเวอรีน ซิเตรต ผสม ไซเมทิโคน (ชนิดแคปซูล/เม็ด) ระวังอะไร,ข้อควรระวังตามฐานข้อมูลยา: ห้ามใช้ในผู้ป่วยที่มีภาวะลำไส้อุดตัน หรือทางเดินอาหารส่วนล่างไม่ทำงาน ระวังการใช้ในสตรีมีครรภ์และสตรีให้นมบุตร และห้ามใช้ในผู้ที่เคยมีประวัติแพ้ส่วนประกอบของยานี้ (ข้อมูลทั่วไป ควรใช้ตามที่แพทย์หรือเภสัชกรแนะนำ),ฐานข้อมูลยา NSC (medicines.csv) — คัดลอกข้อความจากฐานข้อมูล ไม่ได้เพิ่มเติมเอง,สร้างจากฐานข้อมูลยา (template),รอเภสัชกรตรวจ
drug-019-side_effects,ยารายตัว/ผลข้างเคียง,อัลเวอรีน ซิเตรต ผสม ไซเมทิโคน (ชนิดแคปซูล/เม็ด) (Alverine citrate + Simethicone) มีผลข้างเคียงอะไรบ้าง,กิน อัลเวอรีน ซิเตรต ผสม ไซเมทิโคน (ชนิดแคปซูล/เม็ด) แล้วมีอาการอะไรได้บ้าง | กิน Alverine citrate + Simethicone แล้วมีอาการอะไรได้บ้าง | อัลเวอรีน ซิเตรต ผสม ไซเมทิโคน (ชนิดแคปซูล/เม็ด) มีผลเสียไหม,ผลข้างเคียงตามฐานข้อมูลยา: คลื่นไส้ วิงเวียนศีรษะ ปากแห้ง ผื่นคันตามผิวหนัง ความดันโลหิตลดลงชั่วคราว หรืออาจพบค่าการทำงานของตับเปลี่ยนแปลงเล็กน้อยซึ่งพบได้น้อยมาก ถ้ามีอาการรุนแรงหรือกังวล ให้รีบปรึกษาแพทย์หรือเภสัชกร ไม่ควรหยุดยาประจำเองโดยไม่ถาม,ฐานข้อมูลยา NSC (medicines.csv) — คัดลอกข้อความจากฐานข้อมูล ไม่ได้เพิ่มเติมเอง,สร้างจากฐานข้อมูลยา (template),รอเภสัชกรตรวจ
drug-020-description,ยารายตัว/สรรพคุณ,ไอบูโพรเฟน (Ibuprofen) ใช้รักษาอะไร,ไอบูโพรเฟน ใช้ทำอะไร | Ibuprofen ใช้ทำอะไร | กินไอบูโพรเฟนเพื่ออะไร,ไอบูโพรเฟน (Ibuprofen) ใช้สำหรับบรรเทาอาการปวด ลดการอักเสบ และลดไข้ของข้อ กระดูก และกล้ามเนื้อ (ข้อมูลทั่วไป ควรใช้ตามที่แพทย์หรือเภสัชกรแนะนำ),ฐานข้อมูลยา NSC (medicines.csv) — คัดลอกข้อความจากฐานข้อมูล ไม่ได้เพิ่มเติมเอง,สร้างจากฐานข้อมูลยา (template),รอเภสัชกรตรวจ
drug-020-usage,ยารายตัว/วิธีใช้,ไอบูโพรเฟน (Ibuprofen) กินยังไง,วิธีใช้ ไอบูโพรเฟน | วิธีใช้ Ibuprofen | ไอบูโพรเฟน กินตอนไหน,วิธีใช้ตามฐานข้อมูลยา: รับประทานหลังอาหารทันทีพร้อมน้ำสะอาดปริมาณมาก เพื่อลดอาการระคายเคืองเนื้อเยื่อ หากไม่แน่ใจเรื่องขนาดยา ให้ทำตามฉลากยาหรือถามเภสัชกร,ฐานข้อมูลยา NSC (medicines.csv) — คัดลอกข้อความจากฐานข้อมูล ไม่ได้เพิ่มเติมเอง,สร้างจากฐานข้อมูลยา (template),รอเภสัชกรตรวจ
drug-020-precautions,ยารายตัว/ข้อควรระวัง,ไอบูโพรเฟน (Ibuprofen) มีข้อควรระวังอะไรบ้าง,ใครห้ามกิน ไอบูโพรเฟน | ใครห้ามกิน Ibuprofen | ไอบูโพรเฟน ระวังอะไร,ข้อควรระวังตามฐานข้อมูลยา: ห้ามใช้ในผู้ป่วยที่มีประวัติ Gastrointestinal Perforation (ทางเดินอาหารทะลุ) หรือโรคไตระยะสุดท้าย (ข้อมูลทั่วไป ควรใช้ตามที่แพทย์หรือเภสัชกรแนะนำ),ฐานข้อมูลยา NSC (medicines.csv) — คัดลอกข้อความจากฐานข้อมูล ไม่ได้เพิ่มเติมเอง,สร้างจากฐานข้อมูลยา (template),รอเภสัชกรตรวจ
drug-020-side_effects,ยารายตัว/ผลข้างเคียง,ไอบูโพรเฟน (Ibuprofen) มีผลข้างเคียงอะไรบ้าง,กิน ไอบูโพรเฟน แล้วมีอาการอะไรได้บ้าง | กิน Ibuprofen แล้วมีอาการอะไรได้บ้าง | ไอบูโพรเฟน มีผลเสียไหม,ผลข้างเคียงตามฐานข้อมูลยา: มีฤทธิ์ยับยั้ง Cyclooxygenase (COX) ส่งผลให้เกิดแผลในกระเพาะอาหารและลดอัตราการกรองของไต ถ้ามีอาการรุนแรงหรือกังวล ให้รีบปรึกษาแพทย์หรือเภสัชกร ไม่ควรหยุดยาประจำเองโดยไม่ถาม,ฐานข้อมูลยา NSC (medicines.csv) — คัดลอกข้อความจากฐานข้อมูล ไม่ได้เพิ่มเติมเอง,สร้างจากฐานข้อมูลยา (template),รอเภสัชกรตรวจ
drug-021-description,ยารายตัว/สรรพคุณ,ไดโคลฟีแนค (Diclofenac) ใช้รักษาอะไร,ไดโคลฟีแนค ใช้ทำอะไร | Diclofenac ใช้ทำอะไร | กินไดโคลฟีแนคเพื่ออะไร,ไดโคลฟีแนค (Diclofenac) ใช้สำหรับบรรเทาอาการปวดอย่างรุนแรงและลดการอักเสบในโรคข้อและกระดูก (ข้อมูลทั่วไป ควรใช้ตามที่แพทย์หรือเภสัชกรแนะนำ),ฐานข้อมูลยา NSC (medicines.csv) — คัดลอกข้อความจากฐานข้อมูล ไม่ได้เพิ่มเติมเอง,สร้างจากฐานข้อมูลยา (template),รอเภสัชกรตรวจ
drug-021-usage,ยารายตัว/วิธีใช้,ไดโคลฟีแนค (Diclofenac) กินยังไง,วิธีใช้ ไดโคลฟีแนค | วิธีใช้ Diclofenac | ไดโคลฟีแนค กินตอนไหน,วิธีใช้ตามฐานข้อมูลยา: รับประทานหลังอาหารทันที กลืนทั้งเม็ดห้ามบดเคี้ยวเนื่องจากเป็นยาเคลือบพิเศษ หากไม่แน่ใจเรื่องขนาดยา ให้ทำตามฉลากยาหรือถามเภสัชกร,ฐานข้อมูลยา NSC (medicines.csv) — คัดลอกข้อความจากฐานข้อมูล ไม่ได้เพิ่มเติมเอง,สร้างจากฐานข้อมูลยา (template),รอเภสัชกรตรวจ
drug-021-precautions,ยารายตัว/ข้อควรระวัง,ไดโคลฟีแนค (Diclofenac) มีข้อควรระวังอะไรบ้าง,ใครห้ามกิน ไดโคลฟีแนค | ใครห้ามกิน Diclofenac | ไดโคลฟีแนค ระวังอะไร,ข้อควรระวังตามฐานข้อมูลยา: ห้ามใช้ในผู้ป่วยที่เป็น Ischemic Heart Disease หรือผู้ที่มีภาวะ Cerebrovascular Disease (ข้อมูลทั่วไป ควรใช้ตามที่แพทย์หรือเภสัชกรแนะนำ),ฐานข้อมูลยา NSC (medicines.csv) — คัดลอกข้อความจากฐานข้อมูล ไม่ได้เพิ่มเติมเอง,สร้างจากฐานข้อมูลยา (template),รอเภสัชกรตรวจ
drug-021-side_effects,ยารายตัว/ผลข้างเคียง,ไดโคลฟีแนค (Diclofenac) มีผลข้างเคียงอะไรบ้าง,กิน ไดโคลฟีแนค แล้วมีอาการอะไรได้บ้าง | กิน Diclofenac แล้วมีอาการอะไรได้บ้าง | ไดโคลฟีแนค มีผลเสียไหม,ผลข้างเคียงตามฐานข้อมูลยา: เพิ่มสภาวะเสี่ยงต่อการเกิด Thrombotic Events ในระบบหลอดเลือดหัวใจและแผลในทางเดินอาหาร ถ้ามีอาการรุนแรงหรือกังวล ให้รีบปรึกษาแพทย์หรือเภสัชกร ไม่ควรหยุดยาประจำเองโดยไม่ถาม,ฐานข้อมูลยา NSC (medicines.csv) — คัดลอกข้อความจากฐานข้อมูล ไม่ได้เพิ่มเติมเอง,สร้างจากฐานข้อมูลยา (template),รอเภสัชกรตรวจ
drug-022-description,ยารายตัว/สรรพคุณ,เมล็อกซิแคม (Meloxicam) ใช้รักษาอะไร,เมล็อกซิแคม ใช้ทำอะไร | Meloxicam ใช้ทำอะไร | กินเมล็อกซิแคมเพื่ออะไร,เมล็อกซิแคม (Meloxicam) ใช้สำหรับบรรเทาอาการปวดอักเสบเรื้อรังจากโรคข้อเสื่อมและข้ออักเสบรูมาตอยด์ (ข้อมูลทั่วไป ควรใช้ตามที่แพทย์หรือเภสัชกรแนะนำ),ฐานข้อมูลยา NSC (medicines.csv) — คัดลอกข้อความจากฐานข้อมูล ไม่ได้เพิ่มเติมเอง,สร้างจากฐานข้อมูลยา (template),รอเภสัชกรตรวจ
drug-022-usage,ยารายตัว/วิธีใช้,เมล็อกซิแคม (Meloxicam) กินยังไง,วิธีใช้ เมล็อกซิแคม | วิธีใช้ Meloxicam | เมล็อกซิแคม กินตอนไหน,วิธีใช้ตามฐานข้อมูลยา: รับประทานหลังอาหารทันที วันละ 1 ครั้ง ไม่ควรปรับขนาดเพิ่มเอง หากไม่แน่ใจเรื่องขนาดยา ให้ทำตามฉลากยาหรือถามเภสัชกร,ฐานข้อมูลยา NSC (medicines.csv) — คัดลอกข้อความจากฐานข้อมูล ไม่ได้เพิ่มเติมเอง,สร้างจากฐานข้อมูลยา (template),รอเภสัชกรตรวจ
drug-022-precautions,ยารายตัว/ข้อควรระวัง,เมล็อกซิแคม (Meloxicam) มีข้อควรระวังอะไรบ้าง,ใครห้ามกิน เมล็อกซิแคม | ใครห้ามกิน Meloxicam | เมล็อกซิแคม ระวังอะไร,ข้อควรระวังตามฐานข้อมูลยา: หลีกเลี่ยงการใช้ร่วมกับยากลุ่ม NSAIDs ชนิดอื่น ๆ เพื่อป้องกันภาวะพิษซ้ำซ้อน (Toxicity Overlap) (ข้อมูลทั่วไป ควรใช้ตามที่แพทย์หรือเภสัชกรแนะนำ),ฐานข้อมูลยา NSC (medicines.csv) — คัดลอกข้อความจากฐานข้อมูล ไม่ได้เพิ่มเติมเอง,สร้างจากฐานข้อมูลยา (template),รอเภสัชกรตรวจ
drug-022-side_effects,ยารายตัว/ผลข้างเคียง,เมล็อกซิแคม (Meloxicam) มีผลข้างเคียงอะไรบ้าง,กิน เมล็อกซิแคม แล้วมีอาการอะไรได้บ้าง | กิน Meloxicam แล้วมีอาการอะไรได้บ้าง | เมล็อกซิแคม มีผลเสียไหม,ผลข้างเคียงตามฐานข้อมูลยา: แม้จะมีคุณสมบัติเป็น COX-2 Selective แต่อาจส่งผลกระทบต่อระบบทางเดินอาหารและภาวะความดันโลหิต ถ้ามีอาการรุนแรงหรือกังวล ให้รีบปรึกษาแพทย์หรือเภสัชกร ไม่ควรหยุดยาประจำเองโดยไม่ถาม,ฐานข้อมูลยา NSC (medicines.csv) — คัดลอกข้อความจากฐานข้อมูล ไม่ได้เพิ่มเติมเอง,สร้างจากฐานข้อมูลยา (template),รอเภสัชกรตรวจ
drug-023-description,ยารายตัว/สรรพคุณ,โอเมพราโซล (Omeprazole) ใช้รักษาอะไร,โอเมพราโซล ใช้ทำอะไร | Omeprazole ใช้ทำอะไร | กินโอเมพราโซลเพื่ออะไร,โอเมพราโซล (Omeprazole) ใช้สำหรับยับยั้งการหลั่งกรดในกระเพาะอาหาร รักษาแผลในทางเดินอาหาร และบรรเทาอาการกรดไหลย้อน (ข้อมูลทั่วไป ควรใช้ตามที่แพทย์หรือเภสัชกรแนะนำ),ฐานข้อมูลยา NSC (medicines.csv) — คัดลอกข้อความจากฐานข้อมูล ไม่ได้เพิ่มเติมเอง,สร้างจากฐานข้อมูลยา (template),รอเภสัชกรตรวจ
drug-023-usage,ยารายตัว/วิธีใช้,โอเมพราโซล (Omeprazole) กินยังไง,วิธีใช้ โอเมพราโซล | วิธีใช้ Omeprazole | โอเมพราโซล กินตอนไหน,วิธีใช้ตามฐานข้อมูลยา: รับประทานก่อนอาหาร 30-60 นาที (ตอนท้องว่าง) เพื่อให้ยาออกฤทธิ์ยับยั้งกรดได้เต็มที่ หากไม่แน่ใจเรื่องขนาดยา ให้ทำตามฉลากยาหรือถามเภสัชกร,ฐานข้อมูลยา NSC (medicines.csv) — คัดลอกข้อความจากฐานข้อมูล ไม่ได้เพิ่มเติมเอง,สร้างจากฐานข้อมูลยา (template),รอเภสัชกรตรวจ
drug-023-precautions,ยารายตัว/ข้อควรระวัง,โอเมพราโซล (Omeprazole) มีข้อควรระวังอะไรบ้าง,ใครห้ามกิน โอเมพราโซล | ใครห้ามกิน Omeprazole | โอเมพราโซล ระวังอะไร,ข้อควรระวังตามฐานข้อมูลยา: ควรรับประทานยาอย่างต่อเนื่องตามระยะเวลาที่กำหนด (Treatment Course) แม้อาการจะทุเลาลงแล้ว (ข้อมูลทั่วไป ควรใช้ตามที่แพทย์หรือเภสัชกรแนะนำ),ฐานข้อมูลยา NSC (medicines.csv) — คัดลอกข้อความจากฐานข้อมูล ไม่ได้เพิ่มเติมเอง,สร้างจากฐานข้อมูลยา (template),รอเภสัชกรตรวจ
drug-023-side_effects,ยารายตัว/ผลข้างเคียง,โอเมพราโซล (Omeprazole) มีผลข้างเคียงอะไรบ้าง,กิน โอเมพราโซล แล้วมีอาการอะไรได้บ้าง | กิน Omeprazole แล้วมีอาการอะไรได้บ้าง | โอเมพราโซล มีผลเสียไหม,ผลข้างเคียงตามฐานข้อมูลยา: การใช้ติดต่อกันเป็นเวลานานอาจขัดขวางการดูดซึมของ Vitamin B12 และ Calcium ถ้ามีอาการรุนแรงหรือกังวล ให้รีบปรึกษาแพทย์หรือเภสัชกร ไม่ควรหยุดยาประจำเองโดยไม่ถาม,ฐานข้อมูลยา NSC (medicines.csv) — คัดลอกข้อความจากฐานข้อมูล ไม่ได้เพิ่มเติมเอง,สร้างจากฐานข้อมูลยา (template),รอเภสัชกรตรวจ
drug-024-description,ยารายตัว/สรรพคุณ,ดอมเพอริโดน (Domperidone) ใช้รักษาอะไร,ดอมเพอริโดน ใช้ทำอะไร | Domperidone ใช้ทำอะไร | กินดอมเพอริโดนเพื่ออะไร,ดอมเพอริโดน (Domperidone) ใช้สำหรับบรรเทาอาการคลื่นไส้ อาเจียน และอาการแน่นท้อง ท้องอืด ท้องเฟ้อ (ข้อมูลทั่วไป ควรใช้ตามที่แพทย์หรือเภสัชกรแนะนำ),ฐานข้อมูลยา NSC (medicines.csv) — คัดลอกข้อความจากฐานข้อมูล ไม่ได้เพิ่มเติมเอง,สร้างจากฐานข้อมูลยา (template),รอเภสัชกรตรวจ
drug-024-usage,ยารายตัว/วิธีใช้,ดอมเพอริโดน (Domperidone) กินยังไง,วิธีใช้ ดอมเพอริโดน | วิธีใช้ Domperidone | ดอมเพอริโดน กินตอนไหน,วิธีใช้ตามฐานข้อมูลยา: รับประทานก่อนอาหาร 15-30 นาที ขณะที่กระเพาะอาหารยังว่าง หากไม่แน่ใจเรื่องขนาดยา ให้ทำตามฉลากยาหรือถามเภสัชกร,ฐานข้อมูลยา NSC (medicines.csv) — คัดลอกข้อความจากฐานข้อมูล ไม่ได้เพิ่มเติมเอง,สร้างจากฐานข้อมูลยา (template),รอเภสัชกรตรวจ
drug-024-precautions,ยารายตัว/ข้อควรระวัง,ดอมเพอริโดน (Domperidone) มีข้อควรระวังอะไรบ้าง,ใครห้ามกิน ดอมเพอริโดน | ใครห้ามกิน Domperidone | ดอมเพอริโดน ระวังอะไร,ข้อควรระวังตามฐานข้อมูลยา: ไม่ควรใช้ยาติดต่อกันเกินระยะเวลา 7 วันเนื่องจากเสี่ยงต่อผลกระทบด้าน Cardiac Safety (ข้อมูลทั่วไป ควรใช้ตามที่แพทย์หรือเภสัชกรแนะนำ),ฐานข้อมูลยา NSC (medicines.csv) — คัดลอกข้อความจากฐานข้อมูล ไม่ได้เพิ่มเติมเอง,สร้างจากฐานข้อมูลยา (template),รอเภสัชกรตรวจ
drug-024-side_effects,ยารายตัว/ผลข้างเคียง,ดอมเพอริโดน (Domperidone) มีผลข้างเคียงอะไรบ้าง,กิน ดอมเพอริโดน แล้วมีอาการอะไรได้บ้าง | กิน Domperidone แล้วมีอาการอะไรได้บ้าง | ดอมเพอริโดน มีผลเสียไหม,ผลข้างเคียงตามฐานข้อมูลยา: อาจส่งผลให้เกิดภาวะ QT Prolongation (คลื่นไฟฟ้าหัวใจผิดปกติ) โดยเฉพาะในกลุ่มประชากรสูงอายุ ถ้ามีอาการรุนแรงหรือกังวล ให้รีบปรึกษาแพทย์หรือเภสัชกร ไม่ควรหยุดยาประจำเองโดยไม่ถาม,ฐานข้อมูลยา NSC (medicines.csv) — คัดลอกข้อความจากฐานข้อมูล ไม่ได้เพิ่มเติมเอง,สร้างจากฐานข้อมูลยา (template),รอเภสัชกรตรวจ
drug-025-description,ยารายตัว/สรรพคุณ,ยามะขามแขก (Senna) ใช้รักษาอะไร,ยามะขามแขก ใช้ทำอะไร | Senna ใช้ทำอะไร | กินยามะขามแขกเพื่ออะไร,ยามะขามแขก (Senna) ใช้สำหรับกระตุ้นการบีบตัวของลำไส้ใหญ่เพื่อบรรเทาอาการท้องผูกเป็นครั้งคราว (ข้อมูลทั่วไป ควรใช้ตามที่แพทย์หรือเภสัชกรแนะนำ),ฐานข้อมูลยา NSC (medicines.csv) — คัดลอกข้อความจากฐานข้อมูล ไม่ได้เพิ่มเติมเอง,สร้างจากฐานข้อมูลยา (template),รอเภสัชกรตรวจ
drug-025-usage,ยารายตัว/วิธีใช้,ยามะขามแขก (Senna) กินยังไง,วิธีใช้ ยามะขามแขก | วิธีใช้ Senna | ยามะขามแขก กินตอนไหน,วิธีใช้ตามฐานข้อมูลยา: รับประทานก่อนช่วงเวลานอนหลับ เพื่อให้กลไกการกระตุ้นลำไส้สอดคล้องกับรอบวัน หากไม่แน่ใจเรื่องขนาดยา ให้ทำตามฉลากยาหรือถามเภสัชกร,ฐานข้อมูลยา NSC (medicines.csv) — คัดลอกข้อความจากฐานข้อมูล ไม่ได้เพิ่มเติมเอง,สร้างจากฐานข้อมูลยา (template),รอเภสัชกรตรวจ
drug-025-precautions,ยารายตัว/ข้อควรระวัง,ยามะขามแขก (Senna) มีข้อควรระวังอะไรบ้าง,ใครห้ามกิน ยามะขามแขก | ใครห้ามกิน Senna | ยามะขามแขก ระวังอะไร,ข้อควรระวังตามฐานข้อมูลยา: ไม่ควรใช้ติดต่อกันเป็นเวลานานเนื่องจากจะส่งผลให้เกิดภาวะ Laxative Dependence (ลำไส้ดื้อยา) (ข้อมูลทั่วไป ควรใช้ตามที่แพทย์หรือเภสัชกรแนะนำ),ฐานข้อมูลยา NSC (medicines.csv) — คัดลอกข้อความจากฐานข้อมูล ไม่ได้เพิ่มเติมเอง,สร้างจากฐานข้อมูลยา (template),รอเภสัชกรตรวจ
drug-025-side_effects,ยารายตัว/ผลข้างเคียง,ยามะขามแขก (Senna) มีผลข้างเคียงอะไรบ้าง,กิน ยามะขามแขก แล้วมีอาการอะไรได้บ้าง | กิน Senna แล้วมีอาการอะไรได้บ้าง | ยามะขามแขก มีผลเสียไหม,ผลข้างเคียงตามฐานข้อมูลยา: มักก่อให้เกิดอาการ Abdominal Cramp (ปวดเกร็งช่องท้อง) จากการบีบตัวของกล้ามเนื้อเรียบในลำไส้ ถ้ามีอาการรุนแรงหรือกังวล ให้รีบปรึกษาแพทย์หรือเภสัชกร ไม่ควรหยุดยาประจำเองโดยไม่ถาม,ฐานข้อมูลยา NSC (medicines.csv) — คัดลอกข้อความจากฐานข้อมูล ไม่ได้เพิ่มเติมเอง,สร้างจากฐานข้อมูลยา (template),รอเภสัชกรตรวจ
drug-026-description,ยารายตัว/สรรพคุณ,ผงเกลือแร่โออาร์เอส (ORS) ใช้รักษาอะไร,ผงเกลือแร่โออาร์เอส ใช้ทำอะไร | ORS ใช้ทำอะไร | กินผงเกลือแร่โออาร์เอสเพื่ออะไร,ผงเกลือแร่โออาร์เอส (ORS) ใช้สำหรับชดเชยน้ำและเกลือแร่ที่สูญเสียไปเนื่องจากอาการท้องเสียหรืออาเจียน (ข้อมูลทั่วไป ควรใช้ตามที่แพทย์หรือเภสัชกรแนะนำ),ฐานข้อมูลยา NSC (medicines.csv) — คัดลอกข้อความจากฐานข้อมูล ไม่ได้เพิ่มเติมเอง,สร้างจากฐานข้อมูลยา (template),รอเภสัชกรตรวจ
drug-026-usage,ยารายตัว/วิธีใช้,ผงเกลือแร่โออาร์เอส (ORS) กินยังไง,วิธีใช้ ผงเกลือแร่โออาร์เอส | วิธีใช้ ORS | ผงเกลือแร่โออาร์เอส กินตอนไหน,วิธีใช้ตามฐานข้อมูลยา: ละลายผงยารสตามสัดส่วนในน้ำต้มสุกที่ผ่อนเย็นแล้ว จิบทีละน้อยตามปริมาณการสูญเสียเสียเหลว หากไม่แน่ใจเรื่องขนาดยา ให้ทำตามฉลากยาหรือถามเภสัชกร,ฐานข้อมูลยา NSC (medicines.csv) — คัดลอกข้อความจากฐานข้อมูล ไม่ได้เพิ่มเติมเอง,สร้างจากฐานข้อมูลยา (template),รอเภสัชกรตรวจ
drug-026-precautions,ยารายตัว/ข้อควรระวัง,ผงเกลือแร่โออาร์เอส (ORS) มีข้อควรระวังอะไรบ้าง,ใครห้ามกิน ผงเกลือแร่โออาร์เอส | ใครห้ามกิน ORS | ผงเกลือแร่โออาร์เอส ระวังอะไร,ข้อควรระวังตามฐานข้อมูลยา: ห้ามใช้ผงเกลือแร่ประเภทสำหรับผู้สูญเสียเหงื่อจากการออกกำลังกาย (BRS) มาทดแทนในผู้ป่วยอุจจาระร่วง (ข้อมูลทั่วไป ควรใช้ตามที่แพทย์หรือเภสัชกรแนะนำ),ฐานข้อมูลยา NSC (medicines.csv) — คัดลอกข้อความจากฐานข้อมูล ไม่ได้เพิ่มเติมเอง,สร้างจากฐานข้อมูลยา (template),รอเภสัชกรตรวจ
drug-026-side_effects,ยารายตัว/ผลข้างเคียง,ผงเกลือแร่โออาร์เอส (ORS) มีผลข้างเคียงอะไรบ้าง,กิน ผงเกลือแร่โออาร์เอส แล้วมีอาการอะไรได้บ้าง | กิน ORS แล้วมีอาการอะไรได้บ้าง | ผงเกลือแร่โออาร์เอส มีผลเสียไหม,ผลข้างเคียงตามฐานข้อมูลยา: สารละลายที่แต่งขึนหากเกินกำหนด 24 ชั่วโมงหลังการผสม ให้ทำการทิ้งสารส่วนที่เหลือทันที ถ้ามีอาการรุนแรงหรือกังวล ให้รีบปรึกษาแพทย์หรือเภสัชกร ไม่ควรหยุดยาประจำเองโดยไม่ถาม,ฐานข้อมูลยา NSC (medicines.csv) — คัดลอกข้อความจากฐานข้อมูล ไม่ได้เพิ่มเติมเอง,สร้างจากฐานข้อมูลยา (template),รอเภสัชกรตรวจ
drug-027-usage,ยารายตัว/วิธีใช้,คลอร์เฟนิรามีน (Chlorpheniramine (4 mg)) กินยังไง,วิธีใช้ คลอร์เฟนิรามีน | วิธีใช้ Chlorpheniramine (4 mg) | คลอร์เฟนิรามีน กินตอนไหน,วิธีใช้ตามฐานข้อมูลยา: รับประทานครั้งละ 1 เม็ด วันละ 3-4 ครั้งเมื่อมีอาการ (ผู้ใหญ่) หากไม่แน่ใจเรื่องขนาดยา ให้ทำตามฉลากยาหรือถามเภสัชกร,ฐานข้อมูลยา NSC (medicines.csv) — คัดลอกข้อความจากฐานข้อมูล ไม่ได้เพิ่มเติมเอง,สร้างจากฐานข้อมูลยา (template),รอเภสัชกรตรวจ
drug-027-precautions,ยารายตัว/ข้อควรระวัง,คลอร์เฟนิรามีน (Chlorpheniramine (4 mg)) มีข้อควรระวังอะไรบ้าง,ใครห้ามกิน คลอร์เฟนิรามีน | ใครห้ามกิน Chlorpheniramine (4 mg) | คลอร์เฟนิรามีน ระวังอะไร,ข้อควรระวังตามฐานข้อมูลยา: ยานี้อาจทำให้เกิดอาการง่วงซึม จึงไม่ควรขับขี่ยานพาหนะ หรือทำงานเกี่ยวกับเครื่องจักรกล และหลีกเลี่ยงการดื่มเครื่องดื่มที่มีแอลกอฮอล์ผสมอยู่ขณะรับประทานยานี้ (ข้อมูลทั่วไป ควรใช้ตามที่แพทย์หรือเภสัชกรแนะนำ),ฐานข้อมูลยา NSC (medicines.csv) — คัดลอกข้อความจากฐานข้อมูล ไม่ได้เพิ่มเติมเอง,สร้างจากฐานข้อมูลยา (template),รอเภสัชกรตรวจ
drug-027-side_effects,ยารายตัว/ผลข้างเคียง,คลอร์เฟนิรามีน (Chlorpheniramine (4 mg)) มีผลข้างเคียงอะไรบ้าง,กิน คลอร์เฟนิรามีน แล้วมีอาการอะไรได้บ้าง | กิน Chlorpheniramine (4 mg) แล้วมีอาการอะไรได้บ้าง | คลอร์เฟนิรามีน มีผลเสียไหม,ผลข้างเคียงตามฐานข้อมูลยา: อาการข้างเคียงที่พบบ่อยคือ ง่วงซึม ปากแห้ง คอแห้ง ตาพร่ามัว ปัสสาวะขัด ในเด็กเล็กอาจพบอาการกระสับกระส่ายหรือนอนไม่หลับแทนอาการง่วงนอน ถ้ามีอาการรุนแรงหรือกังวล ให้รีบปรึกษาแพทย์หรือเภสัชกร ไม่ควรหยุดยาประจำเองโดยไม่ถาม,ฐานข้อมูลยา NSC (medicines.csv) — คัดลอกข้อความจากฐานข้อมูล ไม่ได้เพิ่มเติมเอง,สร้างจากฐานข้อมูลยา (template),รอเภสัชกรตรวจ
drug-028-description,ยารายตัว/สรรพคุณ,ไซเมทิโคน (Simethicone (80 mg)) ใช้รักษาอะไร,ไซเมทิโคน ใช้ทำอะไร | Simethicone (80 mg) ใช้ทำอะไร | กินไซเมทิโคนเพื่ออะไร,ไซเมทิโคน (Simethicone (80 mg)) ใช้สำหรับบรรเทาอาการท้องอืด ท้องเฟ้อ จุกเสียด แน่นท้อง (ข้อมูลทั่วไป ควรใช้ตามที่แพทย์หรือเภสัชกรแนะนำ),ฐานข้อมูลยา NSC (medicines.csv) — คัดลอกข้อความจากฐานข้อมูล ไม่ได้เพิ่มเติมเอง,สร้างจากฐานข้อมูลยา (template),รอเภสัชกรตรวจ
drug-028-usage,ยารายตัว/วิธีใช้,ไซเมทิโคน (Simethicone (80 mg)) กินยังไง,วิธีใช้ ไซเมทิโคน | วิธีใช้ Simethicone (80 mg) | ไซเมทิโคน กินตอนไหน,วิธีใช้ตามฐานข้อมูลยา: เคี้ยวให้ละเอียดก่อนกลืน ครั้งละ 1-2 เม็ด วันละ 3-4 ครั้ง หลังอาหารและก่อนนอน หากไม่แน่ใจเรื่องขนาดยา ให้ทำตามฉลากยาหรือถามเภสัชกร,ฐานข้อมูลยา NSC (medicines.csv) — คัดลอกข้อความจากฐานข้อมูล ไม่ได้เพิ่มเติมเอง,สร้างจากฐานข้อมูลยา (template),รอเภสัชกรตรวจ
drug-028-precautions,ยารายตัว/ข้อควรระวัง,ไซเมทิโคน (Simethicone (80 mg)) มีข้อควรระวังอะไรบ้าง,ใครห้ามกิน ไซเมทิโคน | ใครห้ามกิน Simethicone (80 mg) | ไซเมทิโคน ระวังอะไร,ข้อควรระวังตามฐานข้อมูลยา: หากอาการท้องอืด ท้องเฟ้อ ไม่ดีขึ้นภายใน 2 สัปดาห์ หรือมีอาการรุนแรงขึ้น ควรพบแพทย์เพื่อตรวจหาสาเหตุที่แท้จริง ไม่ควรใช้ยาติดต่อกันเป็นเวลานานโดยไม่จำเป็น (ข้อมูลทั่วไป ควรใช้ตามที่แพทย์หรือเภสัชกรแนะนำ),ฐานข้อมูลยา NSC (medicines.csv) — คัดลอกข้อความจากฐานข้อมูล ไม่ได้เพิ่มเติมเอง,สร้างจากฐานข้อมูลยา (template),รอเภสัชกรตรวจ
drug-028-side_effects,ยารายตัว/ผลข้างเคียง,ไซเมทิโคน (Simethicone (80 mg)) มีผลข้างเคียงอะไรบ้าง,กิน ไซเมทิโคน แล้วมีอาการอะไรได้บ้าง | กิน Simethicone (80 mg) แล้วมีอาการอะไรได้บ้าง | ไซเมทิโคน มีผลเสียไหม,ผลข้างเคียงตามฐานข้อมูลยา: ยานี้ค่อนข้างปลอดภัยสูงเนื่องจากไม่ดูดซึมเข้าสู่กระแสเลือด แต่อาจพบอาการข้างเคียงส่วนบุคคล เช่น ท้องผูก ท้องเสียเล็กน้อย หรือเกิดผื่นแพ้ในผู้ที่แพ้ส่วนประกอบของยา ถ้ามีอาการรุนแรงหรือกังวล ให้รีบปรึกษาแพทย์หรือเภสัชกร ไม่ควรหยุดยาประจำเองโดยไม่ถาม,ฐานข้อมูลยา NSC (medicines.csv) — คัดลอกข้อความจากฐานข้อมูล ไม่ได้เพิ่มเติมเอง,สร้างจากฐานข้อมูลยา (template),รอเภสัชกรตรวจ
drug-029-description,ยารายตัว/สรรพคุณ,ลอราทาดีน (Loratadine (10 mg)) ใช้รักษาอะไร,ลอราทาดีน ใช้ทำอะไร | Loratadine (10 mg) ใช้ทำอะไร | กินลอราทาดีนเพื่ออะไร,ลอราทาดีน (Loratadine (10 mg)) ใช้สำหรับบรรเทาอาการแพ้จากภูมิแพ้ เช่น จาม น้ำมูกไหล คันตา คันผิวหนัง (ข้อมูลทั่วไป ควรใช้ตามที่แพทย์หรือเภสัชกรแนะนำ),ฐานข้อมูลยา NSC (medicines.csv) — คัดลอกข้อความจากฐานข้อมูล ไม่ได้เพิ่มเติมเอง,สร้างจากฐานข้อมูลยา (template),รอเภสัชกรตรวจ
drug-029-usage,ยารายตัว/วิธีใช้,ลอราทาดีน (Loratadine (10 mg)) กินยังไง,วิธีใช้ ลอราทาดีน | วิธีใช้ Loratadine (10 mg) | ลอราทาดีน กินตอนไหน,วิธีใช้ตามฐานข้อมูลยา: รับประทานวันละ 1 ครั้ง ครั้งละ 1 เม็ด (ตอนไหนก็ได้) หากไม่แน่ใจเรื่องขนาดยา ให้ทำตามฉลากยาหรือถามเภสัชกร,ฐานข้อมูลยา NSC (medicines.csv) — คัดลอกข้อความจากฐานข้อมูล ไม่ได้เพิ่มเติมเอง,สร้างจากฐานข้อมูลยา (template),รอเภสัชกรตรวจ
drug-029-precautions,ยารายตัว/ข้อควรระวัง,ลอราทาดีน (Loratadine (10 mg)) มีข้อควรระวังอะไรบ้าง,ใครห้ามกิน ลอราทาดีน | ใครห้ามกิน Loratadine (10 mg) | ลอราทาดีน ระวังอะไร,ข้อควรระวังตามฐานข้อมูลยา: ห้ามใช้ในผู้ที่แพ้ยานี้หรือส่วนประกอบของยานี้ ผู้ป่วยที่มีรอยโรคที่ตับรุนแรงหรือไตทำงานบกพร่อง ควรปรึกษาแพทย์หรือเภสัชกรก่อนใช้ยาเพื่อปรับขนาดยาให้เหมาะสม (ข้อมูลทั่วไป ควรใช้ตามที่แพทย์หรือเภสัชกรแนะนำ),ฐานข้อมูลยา NSC (medicines.csv) — คัดลอกข้อความจากฐานข้อมูล ไม่ได้เพิ่มเติมเอง,สร้างจากฐานข้อมูลยา (template),รอเภสัชกรตรวจ
drug-029-side_effects,ยารายตัว/ผลข้างเคียง,ลอราทาดีน (Loratadine (10 mg)) มีผลข้างเคียงอะไรบ้าง,กิน ลอราทาดีน แล้วมีอาการอะไรได้บ้าง | กิน Loratadine (10 mg) แล้วมีอาการอะไรได้บ้าง | ลอราทาดีน มีผลเสียไหม,ผลข้างเคียงตามฐานข้อมูลยา: แม้ว่ายานี้จะมีอุบัติการณ์การเกิดอาการง่วงซึมน้อยกว่ายาแก้แพ้รุ่นเก่า แต่อาจพบอาการปวดศีรษะ ปากแห้ง อ่อนเพลีย หรือกระสับกระส่ายได้ในผู้ป่วยบางราย ถ้ามีอาการรุนแรงหรือกังวล ให้รีบปรึกษาแพทย์หรือเภสัชกร ไม่ควรหยุดยาประจำเองโดยไม่ถาม,ฐานข้อมูลยา NSC (medicines.csv) — คัดลอกข้อความจากฐานข้อมูล ไม่ได้เพิ่มเติมเอง,สร้างจากฐานข้อมูลยา (template),รอเภสัชกรตรวจ
drug-030-description,ยารายตัว/สรรพคุณ,ยาลดกรด (ชนิดเม็ดเคี้ยว/น้ำยา) (Antacids (Aluminum & Magnesium Hydroxide)) ใช้รักษาอะไร,ยาลดกรด (ชนิดเม็ดเคี้ยว/น้ำยา) ใช้ทำอะไร | Antacids (Aluminum & Magnesium Hydroxide) ใช้ทำอะไร | กินยาลดกรด (ชนิดเม็ดเคี้ยว/น้ำยา)เพื่ออะไร,ยาลดกรด (ชนิดเม็ดเคี้ยว/น้ำยา) (Antacids (Aluminum & Magnesium Hydroxide)) ใช้สำหรับบรรเทาอาการจุกเสียด แน่นท้อง ปวดท้องเนื่องจากกรดเกินในกระเพาะอาหาร (ข้อมูลทั่วไป ควรใช้ตามที่แพทย์หรือเภสัชกรแนะนำ),ฐานข้อมูลยา NSC (medicines.csv) — คัดลอกข้อความจากฐานข้อมูล ไม่ได้เพิ่มเติมเอง,สร้างจากฐานข้อมูลยา (template),รอเภสัชกรตรวจ
drug-030-usage,ยารายตัว/วิธีใช้,ยาลดกรด (ชนิดเม็ดเคี้ยว/น้ำยา) (Antacids (Aluminum & Magnesium Hydroxide)) กินยังไง,วิธีใช้ ยาลดกรด (ชนิดเม็ดเคี้ยว/น้ำยา) | วิธีใช้ Antacids (Aluminum & Magnesium Hydroxide) | ยาลดกรด (ชนิดเม็ดเคี้ยว/น้ำยา) กินตอนไหน,วิธีใช้ตามฐานข้อมูลยา: รับประทานก่อนอาหาร 1 ชั่วโมง หรือหลังอาหาร 1-2 ชั่วโมง และก่อนนอน (ชนิดเม็ดต้องเคี้ยวให้ละเอียดก่อนกลืน) หากไม่แน่ใจเรื่องขนาดยา ให้ทำตามฉลากยาหรือถามเภสัชกร,ฐานข้อมูลยา NSC (medicines.csv) — คัดลอกข้อความจากฐานข้อมูล ไม่ได้เพิ่มเติมเอง,สร้างจากฐานข้อมูลยา (template),รอเภสัชกรตรวจ
drug-030-precautions,ยารายตัว/ข้อควรระวัง,ยาลดกรด (ชนิดเม็ดเคี้ยว/น้ำยา) (Antacids (Aluminum & Magnesium Hydroxide)) มีข้อควรระวังอะไรบ้าง,ใครห้ามกิน ยาลดกรด (ชนิดเม็ดเคี้ยว/น้ำยา) | ใครห้ามกิน Antacids (Aluminum & Magnesium Hydroxide) | ยาลดกรด (ชนิดเม็ดเคี้ยว/น้ำยา) ระวังอะไร,ข้อควรระวังตามฐานข้อมูลยา: ห้ามใช้ในผู้ที่เป็นโรคไตขั้นรุนแรง การกินยานี้ร่วมกับยาอื่นอาจรบกวนการดูดซึมของยาเหล่านั้น ควรทานห่างจากยาอื่นอย่างน้อย 2 ชั่วโมง ไม่ควรทานติดต่อกันนานเกิน 2 สัปดาห์ยกเว้นแพทย์สั่ง (ข้อมูลทั่วไป ควรใช้ตามที่แพทย์หรือเภสัชกรแนะนำ),ฐานข้อมูลยา NSC (medicines.csv) — คัดลอกข้อความจากฐานข้อมูล ไม่ได้เพิ่มเติมเอง,สร้างจากฐานข้อมูลยา (template),รอเภสัชกรตรวจ
drug-030-side_effects,ยารายตัว/ผลข้างเคียง,ยาลดกรด (ชนิดเม็ดเคี้ยว/น้ำยา) (Antacids (Aluminum & Magnesium Hydroxide)) มีผลข้างเคียงอะไรบ้าง,กิน ยาลดกรด (ชนิดเม็ดเคี้ยว/น้ำยา) แล้วมีอาการอะไรได้บ้าง | กิน Antacids (Aluminum & Magnesium Hydroxide) แล้วมีอาการอะไรได้บ้าง | ยาลดกรด (ชนิดเม็ดเคี้ยว/น้ำยา) มีผลเสียไหม,ผลข้างเคียงตามฐานข้อมูลยา: อาจทำให้เกิดอาการท้องผูก (จากอลูมิเนียม) หรือท้องเสีย (จากแมกนีเซียม) ในผู้ป่วยบางรายอาจมีอาการแน่นท้อง ท้องอืด หรือคลื่นไส้ได้ ถ้ามีอาการรุนแรงหรือกังวล ให้รีบปรึกษาแพทย์หรือเภสัชกร ไม่ควรหยุดยาประจำเองโดยไม่ถาม,ฐานข้อมูลยา NSC (medicines.csv) — คัดลอกข้อความจากฐานข้อมูล ไม่ได้เพิ่มเติมเอง,สร้างจากฐานข้อมูลยา (template),รอเภสัชกรตรวจ
drug-031-description,ยารายตัว/สรรพคุณ,ยาแก้ไอมะขามป้อม (Emblica Cough Syrup) ใช้รักษาอะไร,ยาแก้ไอมะขามป้อม ใช้ทำอะไร | Emblica Cough Syrup ใช้ทำอะไร | กินยาแก้ไอมะขามป้อมเพื่ออะไร,ยาแก้ไอมะขามป้อม (Emblica Cough Syrup) ใช้สำหรับบรรเทาอาการไอ ขับเสมหะ ช่วยให้ชุ่มคอ (ข้อมูลทั่วไป ควรใช้ตามที่แพทย์หรือเภสัชกรแนะนำ),ฐานข้อมูลยา NSC (medicines.csv) — คัดลอกข้อความจากฐานข้อมูล ไม่ได้เพิ่มเติมเอง,สร้างจากฐานข้อมูลยา (template),รอเภสัชกรตรวจ
drug-031-usage,ยารายตัว/วิธีใช้,ยาแก้ไอมะขามป้อม (Emblica Cough Syrup) กินยังไง,วิธีใช้ ยาแก้ไอมะขามป้อม | วิธีใช้ Emblica Cough Syrup | ยาแก้ไอมะขามป้อม กินตอนไหน,วิธีใช้ตามฐานข้อมูลยา: จิบเมื่อมีอาการไอ ทุก 3-4 ชั่วโมง หรือวันละ 3-4 ครั้ง (เขย่าขวดก่อนใช้) หากไม่แน่ใจเรื่องขนาดยา ให้ทำตามฉลากยาหรือถามเภสัชกร,ฐานข้อมูลยา NSC (medicines.csv) — คัดลอกข้อความจากฐานข้อมูล ไม่ได้เพิ่มเติมเอง,สร้างจากฐานข้อมูลยา (template),รอเภสัชกรตรวจ
drug-031-precautions,ยารายตัว/ข้อควรระวัง,ยาแก้ไอมะขามป้อม (Emblica Cough Syrup) มีข้อควรระวังอะไรบ้าง,ใครห้ามกิน ยาแก้ไอมะขามป้อม | ใครห้ามกิน Emblica Cough Syrup | ยาแก้ไอมะขามป้อม ระวังอะไร,ข้อควรระวังตามฐานข้อมูลยา: ระวังการใช้ในผู้ป่วยเบาหวานเนื่องจากบางสูตรตำรับมีส่วนผสมของน้ำตาลหรือน้ำผึ้งสูง หากอาการไอไม่ดีขึ้นภายใน 1 สัปดาห์ หรือมีไข้ร่วมด้วย ควรพบแพทย์เพื่อตรวจวินิจฉัย (ข้อมูลทั่วไป ควรใช้ตามที่แพทย์หรือเภสัชกรแนะนำ),ฐานข้อมูลยา NSC (medicines.csv) — คัดลอกข้อความจากฐานข้อมูล ไม่ได้เพิ่มเติมเอง,สร้างจากฐานข้อมูลยา (template),รอเภสัชกรตรวจ
drug-031-side_effects,ยารายตัว/ผลข้างเคียง,ยาแก้ไอมะขามป้อม (Emblica Cough Syrup) มีผลข้างเคียงอะไรบ้าง,กิน ยาแก้ไอมะขามป้อม แล้วมีอาการอะไรได้บ้าง | กิน Emblica Cough Syrup แล้วมีอาการอะไรได้บ้าง | ยาแก้ไอมะขามป้อม มีผลเสียไหม,ผลข้างเคียงตามฐานข้อมูลยา: อาจทำให้เกิดอาการถ่ายเหลวหรือท้องเสียเล็กน้อยในผู้ป่วยบางรายเนื่องจากมะขามป้อมมีฤทธิ์เป็นยาระบายอ่อนๆ แต่อาการจะหายไปเองเมื่อหยุดยา ถ้ามีอาการรุนแรงหรือกังวล ให้รีบปรึกษาแพทย์หรือเภสัชกร ไม่ควรหยุดยาประจำเองโดยไม่ถาม,ฐานข้อมูลยา NSC (medicines.csv) — คัดลอกข้อความจากฐานข้อมูล ไม่ได้เพิ่มเติมเอง,สร้างจากฐานข้อมูลยา (template),รอเภสัชกรตรวจ
drug-032-description,ยารายตัว/สรรพคุณ,อะม็อกซีซิลลิน (Amoxicillin (500 mg)) ใช้รักษาอะไร,อะม็อกซีซิลลิน ใช้ทำอะไร | Amoxicillin (500 mg) ใช้ทำอะไร | กินอะม็อกซีซิลลินเพื่ออะไร,อะม็อกซีซิลลิน (Amoxicillin (500 mg)) ใช้สำหรับรักษาโรคติดเชื้อแบคทีเรีย เช่น ทางเดินหายใจ หู คอ จมูก และผิวหนัง (ข้อมูลทั่วไป ควรใช้ตามที่แพทย์หรือเภสัชกรแนะนำ),ฐานข้อมูลยา NSC (medicines.csv) — คัดลอกข้อความจากฐานข้อมูล ไม่ได้เพิ่มเติมเอง,สร้างจากฐานข้อมูลยา (template),รอเภสัชกรตรวจ
drug-032-usage,ยารายตัว/วิธีใช้,อะม็อกซีซิลลิน (Amoxicillin (500 mg)) กินยังไง,วิธีใช้ อะม็อกซีซิลลิน | วิธีใช้ Amoxicillin (500 mg) | อะม็อกซีซิลลิน กินตอนไหน,วิธีใช้ตามฐานข้อมูลยา: รับประทานครั้งละ 1 เม็ด วันละ 3-4 ครั้ง (หรือตามแพทย์สั่ง) ต้องรับประทานยาติดต่อกันจนครบกำหนดแม้จะอาการดีขึ้นแล้ว หากไม่แน่ใจเรื่องขนาดยา ให้ทำตามฉลากยาหรือถามเภสัชกร,ฐานข้อมูลยา NSC (medicines.csv) — คัดลอกข้อความจากฐานข้อมูล ไม่ได้เพิ่มเติมเอง,สร้างจากฐานข้อมูลยา (template),รอเภสัชกรตรวจ
drug-032-precautions,ยารายตัว/ข้อควรระวัง,อะม็อกซีซิลลิน (Amoxicillin (500 mg)) มีข้อควรระวังอะไรบ้าง,ใครห้ามกิน อะม็อกซีซิลลิน | ใครห้ามกิน Amoxicillin (500 mg) | อะม็อกซีซิลลิน ระวังอะไร,ข้อควรระวังตามฐานข้อมูลยา: ห้ามใช้ในผู้ที่เคยมีประวัติแพ้ยาในกลุ่มเพนิซิลลิน (Penicillins) การใช้ยาไม่ครบขนาดหรือใช้โดยไม่มีข้อบ่งชี้ที่ถูกต้อง อาจก่อให้เกิดเชื้อดื้อยาได้ (ข้อมูลทั่วไป ควรใช้ตามที่แพทย์หรือเภสัชกรแนะนำ),ฐานข้อมูลยา NSC (medicines.csv) — คัดลอกข้อความจากฐานข้อมูล ไม่ได้เพิ่มเติมเอง,สร้างจากฐานข้อมูลยา (template),รอเภสัชกรตรวจ
drug-032-side_effects,ยารายตัว/ผลข้างเคียง,อะม็อกซีซิลลิน (Amoxicillin (500 mg)) มีผลข้างเคียงอะไรบ้าง,กิน อะม็อกซีซิลลิน แล้วมีอาการอะไรได้บ้าง | กิน Amoxicillin (500 mg) แล้วมีอาการอะไรได้บ้าง | อะม็อกซีซิลลิน มีผลเสียไหม,ผลข้างเคียงตามฐานข้อมูลยา: คลื่นไส้ อาเจียน ท้องเสีย ถ่ายเหลว แสบท้อง อาจเกิดผื่นคันตามผิวหนัง หากมีอาการแพ้รุนแรง เช่น หายใจติดขัด หน้าบวม ตาบวม ให้หยุดยาทันทีและรีบไปพบแพทย์ ถ้ามีอาการรุนแรงหรือกังวล ให้รีบปรึกษาแพทย์หรือเภสัชกร ไม่ควรหยุดยาประจำเองโดยไม่ถาม,ฐานข้อมูลยา NSC (medicines.csv) — คัดลอกข้อความจากฐานข้อมูล ไม่ได้เพิ่มเติมเอง,สร้างจากฐานข้อมูลยา (template),รอเภสัชกรตรวจ
drug-033-description,ยารายตัว/สรรพคุณ,เซทิริซีน (Cetirizine) ใช้รักษาอะไร,เซทิริซีน ใช้ทำอะไร | Cetirizine ใช้ทำอะไร | กินเซทิริซีนเพื่ออะไร,เซทิริซีน (Cetirizine) ใช้สำหรับบรรเทาอาการภูมิแพ้ เช่น น้ำมูกไหล จาม คันตา และรักษาลมพิษเรื้อรัง (ข้อมูลทั่วไป ควรใช้ตามที่แพทย์หรือเภสัชกรแนะนำ),ฐานข้อมูลยา NSC (medicines.csv) — คัดลอกข้อความจากฐานข้อมูล ไม่ได้เพิ่มเติมเอง,สร้างจากฐานข้อมูลยา (template),รอเภสัชกรตรวจ
drug-033-usage,ยารายตัว/วิธีใช้,เซทิริซีน (Cetirizine) กินยังไง,วิธีใช้ เซทิริซีน | วิธีใช้ Cetirizine | เซทิริซีน กินตอนไหน,วิธีใช้ตามฐานข้อมูลยา: รับประทานวันละ 1 ครั้ง ครั้งละ 1 เม็ด (ตอนเย็นหรือก่อนนอน) หากไม่แน่ใจเรื่องขนาดยา ให้ทำตามฉลากยาหรือถามเภสัชกร,ฐานข้อมูลยา NSC (medicines.csv) — คัดลอกข้อความจากฐานข้อมูล ไม่ได้เพิ่มเติมเอง,สร้างจากฐานข้อมูลยา (template),รอเภสัชกรตรวจ
drug-033-precautions,ยารายตัว/ข้อควรระวัง,เซทิริซีน (Cetirizine) มีข้อควรระวังอะไรบ้าง,ใครห้ามกิน เซทิริซีน | ใครห้ามกิน Cetirizine | เซทิริซีน ระวังอะไร,ข้อควรระวังตามฐานข้อมูลยา: แม้เป็นยาที่ง่วงน้อย แต่ในผู้ป่วยบางรายอาจเกิดอาการง่วงซึมได้ จึงควรระวังในการขับขี่ยานพาหนะ หรือทำงานเกี่ยวกับเครื่องจักรกล และห้ามใช้ในผู้ป่วยโรคไตขั้นรุนแรง (ข้อมูลทั่วไป ควรใช้ตามที่แพทย์หรือเภสัชกรแนะนำ),ฐานข้อมูลยา NSC (medicines.csv) — คัดลอกข้อความจากฐานข้อมูล ไม่ได้เพิ่มเติมเอง,สร้างจากฐานข้อมูลยา (template),รอเภสัชกรตรวจ
drug-033-side_effects,ยารายตัว/ผลข้างเคียง,เซทิริซีน (Cetirizine) มีผลข้างเคียงอะไรบ้าง,กิน เซทิริซีน แล้วมีอาการอะไรได้บ้าง | กิน Cetirizine แล้วมีอาการอะไรได้บ้าง | เซทิริซีน มีผลเสียไหม,ผลข้างเคียงตามฐานข้อมูลยา: อาจพบอาการง่วงนอน อ่อนเพลีย ปากแห้ง คอแห้ง ปวดศีรษะ หรือวิงเวียนศีรษะได้บ้างเล็กน้อย ในเด็กอาจมีอาการกระสับกระส่าย ถ้ามีอาการรุนแรงหรือกังวล ให้รีบปรึกษาแพทย์หรือเภสัชกร ไม่ควรหยุดยาประจำเองโดยไม่ถาม,ฐานข้อมูลยา NSC (medicines.csv) — คัดลอกข้อความจากฐานข้อมูล ไม่ได้เพิ่มเติมเอง,สร้างจากฐานข้อมูลยา (template),รอเภสัชกรตรวจ
drug-034-description,ยารายตัว/สรรพคุณ,เดกซ์โทรเมทอร์แฟน (Dextromethorphan (15 mg)) ใช้รักษาอะไร,เดกซ์โทรเมทอร์แฟน ใช้ทำอะไร | Dextromethorphan (15 mg) ใช้ทำอะไร | กินเดกซ์โทรเมทอร์แฟนเพื่ออะไร,เดกซ์โทรเมทอร์แฟน (Dextromethorphan (15 mg)) ใช้สำหรับบรรเทาอาการไอแห้งๆ ไอไม่มีเสมหะ ไอระคายคอ (ข้อมูลทั่วไป ควรใช้ตามที่แพทย์หรือเภสัชกรแนะนำ),ฐานข้อมูลยา NSC (medicines.csv) — คัดลอกข้อความจากฐานข้อมูล ไม่ได้เพิ่มเติมเอง,สร้างจากฐานข้อมูลยา (template),รอเภสัชกรตรวจ
drug-034-usage,ยารายตัว/วิธีใช้,เดกซ์โทรเมทอร์แฟน (Dextromethorphan (15 mg)) กินยังไง,วิธีใช้ เดกซ์โทรเมทอร์แฟน | วิธีใช้ Dextromethorphan (15 mg) | เดกซ์โทรเมทอร์แฟน กินตอนไหน,วิธีใช้ตามฐานข้อมูลยา: รับประทานครั้งละ 1 เม็ด ทุก 6-8 ชั่วโมง เมื่อมีอาการไอ หากไม่แน่ใจเรื่องขนาดยา ให้ทำตามฉลากยาหรือถามเภสัชกร,ฐานข้อมูลยา NSC (medicines.csv) — คัดลอกข้อความจากฐานข้อมูล ไม่ได้เพิ่มเติมเอง,สร้างจากฐานข้อมูลยา (template),รอเภสัชกรตรวจ
drug-034-precautions,ยารายตัว/ข้อควรระวัง,เดกซ์โทรเมทอร์แฟน (Dextromethorphan (15 mg)) มีข้อควรระวังอะไรบ้าง,ใครห้ามกิน เดกซ์โทรเมทอร์แฟน | ใครห้ามกิน Dextromethorphan (15 mg) | เดกซ์โทรเมทอร์แฟน ระวังอะไร,ข้อควรระวังตามฐานข้อมูลยา: ห้ามใช้ในผู้ป่วยที่มีอาการไอแบบมีเสมหะเหนียวข้น ห้ามใช้ร่วมกับยาในกลุ่ม MAOIs และระวังการใช้ติดต่อกันเป็นเวลานานเนื่องจากอาจเกิดการติดยาหรือนำไปใช้ในทางที่ผิด (ข้อมูลทั่วไป ควรใช้ตามที่แพทย์หรือเภสัชกรแนะนำ),ฐานข้อมูลยา NSC (medicines.csv) — คัดลอกข้อความจากฐานข้อมูล ไม่ได้เพิ่มเติมเอง,สร้างจากฐานข้อมูลยา (template),รอเภสัชกรตรวจ
drug-034-side_effects,ยารายตัว/ผลข้างเคียง,เดกซ์โทรเมทอร์แฟน (Dextromethorphan (15 mg)) มีผลข้างเคียงอะไรบ้าง,กิน เดกซ์โทรเมทอร์แฟน แล้วมีอาการอะไรได้บ้าง | กิน Dextromethorphan (15 mg) แล้วมีอาการอะไรได้บ้าง | เดกซ์โทรเมทอร์แฟน มีผลเสียไหม,ผลข้างเคียงตามฐานข้อมูลยา: ง่วงนอน วิงเวียนศีรษะ คลื่นไส้ อาเจียน ท้องผูก หากใช้เกินขนาดอาจทำให้เกิดอาการกดระบบประสาทส่วนกลาง สับสน หรือเห็นภาพหลอนได้ ถ้ามีอาการรุนแรงหรือกังวล ให้รีบปรึกษาแพทย์หรือเภสัชกร ไม่ควรหยุดยาประจำเองโดยไม่ถาม,ฐานข้อมูลยา NSC (medicines.csv) — คัดลอกข้อความจากฐานข้อมูล ไม่ได้เพิ่มเติมเอง,สร้างจากฐานข้อมูลยา (template),รอเภสัชกรตรวจ
drug-035-description,ยารายตัว/สรรพคุณ,ไฮออสซีน (บัสโคพาน) (Buscopan (Hyoscine-N-butylbromide)) ใช้รักษาอะไร,ไฮออสซีน (บัสโคพาน) ใช้ทำอะไร | Buscopan (Hyoscine-N-butylbromide) ใช้ทำอะไร | กินไฮออสซีน (บัสโคพาน)เพื่ออะไร,ไฮออสซีน (บัสโคพาน) (Buscopan (Hyoscine-N-butylbromide)) ใช้สำหรับบรรเทาอาการปวดเกร็งช่องท้อง ปวดบิด ปวดประจำเดือน หรือปวดกระเพาะอาหาร (ข้อมูลทั่วไป ควรใช้ตามที่แพทย์หรือเภสัชกรแนะนำ),ฐานข้อมูลยา NSC (medicines.csv) — คัดลอกข้อความจากฐานข้อมูล ไม่ได้เพิ่มเติมเอง,สร้างจากฐานข้อมูลยา (template),รอเภสัชกรตรวจ
drug-035-usage,ยารายตัว/วิธีใช้,ไฮออสซีน (บัสโคพาน) (Buscopan (Hyoscine-N-butylbromide)) กินยังไง,วิธีใช้ ไฮออสซีน (บัสโคพาน) | วิธีใช้ Buscopan (Hyoscine-N-butylbromide) | ไฮออสซีน (บัสโคพาน) กินตอนไหน,วิธีใช้ตามฐานข้อมูลยา: รับประทานครั้งละ 1-2 เม็ด วันละ 3-4 ครั้ง (ก่อนอาหารหรือเมื่อมีอาการ) หากไม่แน่ใจเรื่องขนาดยา ให้ทำตามฉลากยาหรือถามเภสัชกร,ฐานข้อมูลยา NSC (medicines.csv) — คัดลอกข้อความจากฐานข้อมูล ไม่ได้เพิ่มเติมเอง,สร้างจากฐานข้อมูลยา (template),รอเภสัชกรตรวจ
drug-035-precautions,ยารายตัว/ข้อควรระวัง,ไฮออสซีน (บัสโคพาน) (Buscopan (Hyoscine-N-butylbromide)) มีข้อควรระวังอะไรบ้าง,ใครห้ามกิน ไฮออสซีน (บัสโคพาน) | ใครห้ามกิน Buscopan (Hyoscine-N-butylbromide) | ไฮออสซีน (บัสโคพาน) ระวังอะไร,ข้อควรระวังตามฐานข้อมูลยา: ห้ามใช้ในผู้ป่วยโรคต้อหินชนิดมุมปิด ผู้ที่มีภาวะต่อมลูกหมากโตปัสสาวะขัด หรือลำไส้ใหญ่อุดตัน และควรระวังการใช้ในผู้สูงอายุ (ข้อมูลทั่วไป ควรใช้ตามที่แพทย์หรือเภสัชกรแนะนำ),ฐานข้อมูลยา NSC (medicines.csv) — คัดลอกข้อความจากฐานข้อมูล ไม่ได้เพิ่มเติมเอง,สร้างจากฐานข้อมูลยา (template),รอเภสัชกรตรวจ
drug-035-side_effects,ยารายตัว/ผลข้างเคียง,ไฮออสซีน (บัสโคพาน) (Buscopan (Hyoscine-N-butylbromide)) มีผลข้างเคียงอะไรบ้าง,กิน ไฮออสซีน (บัสโคพาน) แล้วมีอาการอะไรได้บ้าง | กิน Buscopan (Hyoscine-N-butylbromide) แล้วมีอาการอะไรได้บ้าง | ไฮออสซีน (บัสโคพาน) มีผลเสียไหม,ผลข้างเคียงตามฐานข้อมูลยา: ปากแห้ง คอแห้ง ตาพร่ามัว หัวใจเต้นเร็ว ผิวหนังแห้ง แดง ร้อน และอาจทำให้เกิดภาวะปัสสาวะคั่งหรือท้องผูกไ ถ้ามีอาการรุนแรงหรือกังวล ให้รีบปรึกษาแพทย์หรือเภสัชกร ไม่ควรหยุดยาประจำเองโดยไม่ถาม,ฐานข้อมูลยา NSC (medicines.csv) — คัดลอกข้อความจากฐานข้อมูล ไม่ได้เพิ่มเติมเอง,สร้างจากฐานข้อมูลยา (template),รอเภสัชกรตรวจ
drug-036-description,ยารายตัว/สรรพคุณ,ถ่านกัมมันต์ (ยาผงถ่าน) (Activated Charcoal) ใช้รักษาอะไร,ถ่านกัมมันต์ (ยาผงถ่าน) ใช้ทำอะไร | Activated Charcoal ใช้ทำอะไร | กินถ่านกัมมันต์ (ยาผงถ่าน)เพื่ออะไร,ถ่านกัมมันต์ (ยาผงถ่าน) (Activated Charcoal) ใช้สำหรับรักษาอาการท้องเสีย ดูดซับสารพิษ หรือบรรเทาอาการท้องอืด ท้องเฟ้อ (ข้อมูลทั่วไป ควรใช้ตามที่แพทย์หรือเภสัชกรแนะนำ),ฐานข้อมูลยา NSC (medicines.csv) — คัดลอกข้อความจากฐานข้อมูล ไม่ได้เพิ่มเติมเอง,สร้างจากฐานข้อมูลยา (template),รอเภสัชกรตรวจ
drug-036-usage,ยารายตัว/วิธีใช้,ถ่านกัมมันต์ (ยาผงถ่าน) (Activated Charcoal) กินยังไง,วิธีใช้ ถ่านกัมมันต์ (ยาผงถ่าน) | วิธีใช้ Activated Charcoal | ถ่านกัมมันต์ (ยาผงถ่าน) กินตอนไหน,วิธีใช้ตามฐานข้อมูลยา: รับประทานครั้งละ 3-4 เม็ด วันละ 3-4 ครั้ง ต้องทานห่างจากยากินชนิดอื่นอย่างน้อย 2 ชั่วโมง หากไม่แน่ใจเรื่องขนาดยา ให้ทำตามฉลากยาหรือถามเภสัชกร,ฐานข้อมูลยา NSC (medicines.csv) — คัดลอกข้อความจากฐานข้อมูล ไม่ได้เพิ่มเติมเอง,สร้างจากฐานข้อมูลยา (template),รอเภสัชกรตรวจ
drug-036-precautions,ยารายตัว/ข้อควรระวัง,ถ่านกัมมันต์ (ยาผงถ่าน) (Activated Charcoal) มีข้อควรระวังอะไรบ้าง,ใครห้ามกิน ถ่านกัมมันต์ (ยาผงถ่าน) | ใครห้ามกิน Activated Charcoal | ถ่านกัมมันต์ (ยาผงถ่าน) ระวังอะไร,ข้อควรระวังตามฐานข้อมูลยา: ห้ามใช้ในผู้ป่วยที่มีภาวะลำไส้อุดตัน หรือมีการทะลุของทางเดินอาหาร และยานี้ใช้ดูดซับสารพิษทั่วไป ไม่สามารถดูดซับสารพิษประเภทกรดแก่ ด่างแก่ หรือแอลกอฮอล์ได้ (ข้อมูลทั่วไป ควรใช้ตามที่แพทย์หรือเภสัชกรแนะนำ),ฐานข้อมูลยา NSC (medicines.csv) — คัดลอกข้อความจากฐานข้อมูล ไม่ได้เพิ่มเติมเอง,สร้างจากฐานข้อมูลยา (template),รอเภสัชกรตรวจ
drug-036-side_effects,ยารายตัว/ผลข้างเคียง,ถ่านกัมมันต์ (ยาผงถ่าน) (Activated Charcoal) มีผลข้างเคียงอะไรบ้าง,กิน ถ่านกัมมันต์ (ยาผงถ่าน) แล้วมีอาการอะไรได้บ้าง | กิน Activated Charcoal แล้วมีอาการอะไรได้บ้าง | ถ่านกัมมันต์ (ยาผงถ่าน) มีผลเสียไหม,ผลข้างเคียงตามฐานข้อมูลยา: ทำให้อุจจาระมีสีดำสนิท (ซึ่งเป็นอาการปกติจากตัวยา) อาจพบอาการท้องผูก คลื่นไส้ หรืออาเจียนได้ในผู้ป่วยบางราย ถ้ามีอาการรุนแรงหรือกังวล ให้รีบปรึกษาแพทย์หรือเภสัชกร ไม่ควรหยุดยาประจำเองโดยไม่ถาม,ฐานข้อมูลยา NSC (medicines.csv) — คัดลอกข้อความจากฐานข้อมูล ไม่ได้เพิ่มเติมเอง,สร้างจากฐานข้อมูลยา (template),รอเภสัชกรตรวจ
drug-037-description,ยารายตัว/สรรพคุณ,มีเบนดาโซล (Mebendazole) ใช้รักษาอะไร,มีเบนดาโซล ใช้ทำอะไร | Mebendazole ใช้ทำอะไร | กินมีเบนดาโซลเพื่ออะไร,มีเบนดาโซล (Mebendazole) ใช้สำหรับรักษาและถ่ายพยาธิตัวกลม เช่น พยาธิเส้นด้าย พยาธิปากขอ พยาธิไส้เดือน (ข้อมูลทั่วไป ควรใช้ตามที่แพทย์หรือเภสัชกรแนะนำ),ฐานข้อมูลยา NSC (medicines.csv) — คัดลอกข้อความจากฐานข้อมูล ไม่ได้เพิ่มเติมเอง,สร้างจากฐานข้อมูลยา (template),รอเภสัชกรตรวจ
drug-037-usage,ยารายตัว/วิธีใช้,มีเบนดาโซล (Mebendazole) กินยังไง,วิธีใช้ มีเบนดาโซล | วิธีใช้ Mebendazole | มีเบนดาโซล กินตอนไหน,วิธีใช้ตามฐานข้อมูลยา: เคี้ยวและกลืนเพียง 1 เม็ดครั้งเดียว (สำหรับพยาธิส่วนใหญ่) หากไม่แน่ใจเรื่องขนาดยา ให้ทำตามฉลากยาหรือถามเภสัชกร,ฐานข้อมูลยา NSC (medicines.csv) — คัดลอกข้อความจากฐานข้อมูล ไม่ได้เพิ่มเติมเอง,สร้างจากฐานข้อมูลยา (template),รอเภสัชกรตรวจ
drug-037-precautions,ยารายตัว/ข้อควรระวัง,มีเบนดาโซล (Mebendazole) มีข้อควรระวังอะไรบ้าง,ใครห้ามกิน มีเบนดาโซล | ใครห้ามกิน Mebendazole | มีเบนดาโซล ระวังอะไร,ข้อควรระวังตามฐานข้อมูลยา: ห้ามใช้ในหญิงตั้งครรภ์โดยเฉพาะในช่วง 3 เดือนแรกเนื่องจากอาจทำให้ทารกในครรภ์พิการได้ และควรระวังการใช้ในเด็กอายุต่ำกว่า 2 ปี (ข้อมูลทั่วไป ควรใช้ตามที่แพทย์หรือเภสัชกรแนะนำ),ฐานข้อมูลยา NSC (medicines.csv) — คัดลอกข้อความจากฐานข้อมูล ไม่ได้เพิ่มเติมเอง,สร้างจากฐานข้อมูลยา (template),รอเภสัชกรตรวจ
drug-037-side_effects,ยารายตัว/ผลข้างเคียง,มีเบนดาโซล (Mebendazole) มีผลข้างเคียงอะไรบ้าง,กิน มีเบนดาโซล แล้วมีอาการอะไรได้บ้าง | กิน Mebendazole แล้วมีอาการอะไรได้บ้าง | มีเบนดาโซล มีผลเสียไหม,ผลข้างเคียงตามฐานข้อมูลยา: อาจมีอาการปวดท้องชั่วคราว ท้องเสีย คลื่นไส้ อาเจียน หากใช้ในขนาดสูงติดต่อกันเป็นเวลานานอาจส่งผลกระทบต่อการทำงานของตับและเม็ดเลือดขาว ถ้ามีอาการรุนแรงหรือกังวล ให้รีบปรึกษาแพทย์หรือเภสัชกร ไม่ควรหยุดยาประจำเองโดยไม่ถาม,ฐานข้อมูลยา NSC (medicines.csv) — คัดลอกข้อความจากฐานข้อมูล ไม่ได้เพิ่มเติมเอง,สร้างจากฐานข้อมูลยา (template),รอเภสัชกรตรวจ
drug-038-description,ยารายตัว/สรรพคุณ,Pseudoephedrine ใช้รักษาอะไร,Pseudoephedrine ใช้ทำอะไร | กินPseudoephedrineเพื่ออะไร,Pseudoephedrine ใช้สำหรับบรรเทาอาการคัดจมูกเนื่องจากหวัด ไข้หวัดใหญ่ หรือภูมิแพ้ (ข้อมูลทั่วไป ควรใช้ตามที่แพทย์หรือเภสัชกรแนะนำ),ฐานข้อมูลยา NSC (medicines.csv) — คัดลอกข้อความจากฐานข้อมูล ไม่ได้เพิ่มเติมเอง,สร้างจากฐานข้อมูลยา (template),รอเภสัชกรตรวจ
drug-038-usage,ยารายตัว/วิธีใช้,Pseudoephedrine กินยังไง,วิธีใช้ Pseudoephedrine | Pseudoephedrine กินตอนไหน,วิธีใช้ตามฐานข้อมูลยา: รับประทานครั้งละ 1 เม็ด ทุก 4-6 ชั่วโมง เมื่อมีอาการ (ต้องจ่ายโดยแพทย์/เภสัชกรในสถานพยาบาลเท่านั้น) หากไม่แน่ใจเรื่องขนาดยา ให้ทำตามฉลากยาหรือถามเภสัชกร,ฐานข้อมูลยา NSC (medicines.csv) — คัดลอกข้อความจากฐานข้อมูล ไม่ได้เพิ่มเติมเอง,สร้างจากฐานข้อมูลยา (template),รอเภสัชกรตรวจ
drug-038-precautions,ยารายตัว/ข้อควรระวัง,Pseudoephedrine มีข้อควรระวังอะไรบ้าง,ใครห้ามกิน Pseudoephedrine | Pseudoephedrine ระวังอะไร,ข้อควรระวังตามฐานข้อมูลยา: ห้ามใช้ในผู้ป่วยโรคความดันโลหิตสูงรุนแรง โรคหลอดเลือดหัวใจตีบ ผู้ที่มีภาวะต่อมไทรอยด์เป็นพิษ หรือผู้ที่กำลังใช้ยาในกลุ่ม MAOIs (ข้อมูลทั่วไป ควรใช้ตามที่แพทย์หรือเภสัชกรแนะนำ),ฐานข้อมูลยา NSC (medicines.csv) — คัดลอกข้อความจากฐานข้อมูล ไม่ได้เพิ่มเติมเอง,สร้างจากฐานข้อมูลยา (template),รอเภสัชกรตรวจ
drug-038-side_effects,ยารายตัว/ผลข้างเคียง,Pseudoephedrine มีผลข้างเคียงอะไรบ้าง,กิน Pseudoephedrine แล้วมีอาการอะไรได้บ้าง | Pseudoephedrine มีผลเสียไหม,ผลข้างเคียงตามฐานข้อมูลยา: ใจสั่น หัวใจเต้นเร็ว นอนไม่หลับ กระสับกระส่าย วิตกกังวล ปากแห้ง คอแห้ง และปัสสาวะขัด (โดยเฉพาะในผู้สูงอายุที่มีภาวะต่อมลูกหมากโต) ถ้ามีอาการรุนแรงหรือกังวล ให้รีบปรึกษาแพทย์หรือเภสัชกร ไม่ควรหยุดยาประจำเองโดยไม่ถาม,ฐานข้อมูลยา NSC (medicines.csv) — คัดลอกข้อความจากฐานข้อมูล ไม่ได้เพิ่มเติมเอง,สร้างจากฐานข้อมูลยา (template),รอเภสัชกรตรวจ
drug-039-description,ยารายตัว/สรรพคุณ,อัลโลพูรินอล (Allopurinol) ใช้รักษาอะไร,อัลโลพูรินอล ใช้ทำอะไร | Allopurinol ใช้ทำอะไร | กินอัลโลพูรินอลเพื่ออะไร,อัลโลพูรินอล (Allopurinol) ใช้สำหรับป้องกันและรักษาภาวะกรดยูริกในเลือดสูง ป้องกันการเกิดโรคเกาต์เฉียบพลัน (ข้อมูลทั่วไป ควรใช้ตามที่แพทย์หรือเภสัชกรแนะนำ),ฐานข้อมูลยา NSC (medicines.csv) — คัดลอกข้อความจากฐานข้อมูล ไม่ได้เพิ่มเติมเอง,สร้างจากฐานข้อมูลยา (template),รอเภสัชกรตรวจ
drug-039-usage,ยารายตัว/วิธีใช้,อัลโลพูรินอล (Allopurinol) กินยังไง,วิธีใช้ อัลโลพูรินอล | วิธีใช้ Allopurinol | อัลโลพูรินอล กินตอนไหน,วิธีใช้ตามฐานข้อมูลยา: รับประทานครั้งละ 1 เม็ด วันละ 1-2 ครั้ง หลังอาหารทันทีและดื่มน้ำตามมากๆ หากไม่แน่ใจเรื่องขนาดยา ให้ทำตามฉลากยาหรือถามเภสัชกร,ฐานข้อมูลยา NSC (medicines.csv) — คัดลอกข้อความจากฐานข้อมูล ไม่ได้เพิ่มเติมเอง,สร้างจากฐานข้อมูลยา (template),รอเภสัชกรตรวจ
drug-039-precautions,ยารายตัว/ข้อควรระวัง,อัลโลพูรินอล (Allopurinol) มีข้อควรระวังอะไรบ้าง,ใครห้ามกิน อัลโลพูรินอล | ใครห้ามกิน Allopurinol | อัลโลพูรินอล ระวังอะไร,ข้อควรระวังตามฐานข้อมูลยา: ยานี้อาจทำให้เกิดการแพ้ยาที่รุนแรงถึงแก่ชีวิตได้ หากมีอาการผื่นคัน ผิวหนังลอก ตาแดง หรือมีไข้ ให้หยุดยาทันทีและรีบพบแพทย์ (ข้อมูลทั่วไป ควรใช้ตามที่แพทย์หรือเภสัชกรแนะนำ),ฐานข้อมูลยา NSC (medicines.csv) — คัดลอกข้อความจากฐานข้อมูล ไม่ได้เพิ่มเติมเอง,สร้างจากฐานข้อมูลยา (template),รอเภสัชกรตรวจ
drug-039-side_effects,ยารายตัว/ผลข้างเคียง,อัลโลพูรินอล (Allopurinol) มีผลข้างเคียงอะไรบ้าง,กิน อัลโลพูรินอล แล้วมีอาการอะไรได้บ้าง | กิน Allopurinol แล้วมีอาการอะไรได้บ้าง | อัลโลพูรินอล มีผลเสียไหม,ผลข้างเคียงตามฐานข้อมูลยา: คลื่นไส้ อาเจียน ท้องเสีย ระคายเคืองกระเพาะอาหาร ในช่วงแรกของการทานยาอาจกระตุ้นให้เกิดโรคเกาต์กำเริบเฉียบพลันได้ชั่วคราว ถ้ามีอาการรุนแรงหรือกังวล ให้รีบปรึกษาแพทย์หรือเภสัชกร ไม่ควรหยุดยาประจำเองโดยไม่ถาม,ฐานข้อมูลยา NSC (medicines.csv) — คัดลอกข้อความจากฐานข้อมูล ไม่ได้เพิ่มเติมเอง,สร้างจากฐานข้อมูลยา (template),รอเภสัชกรตรวจ
drug-040-description,ยารายตัว/สรรพคุณ,ฟลูนาริซีน (Flunarizine) ใช้รักษาอะไร,ฟลูนาริซีน ใช้ทำอะไร | Flunarizine ใช้ทำอะไร | กินฟลูนาริซีนเพื่ออะไร,ฟลูนาริซีน (Flunarizine) ใช้สำหรับป้องกันอาการปวดศีรษะไมเกรน และบรรเทาอาการเวียนศีรษะบ้านหมุน (ข้อมูลทั่วไป ควรใช้ตามที่แพทย์หรือเภสัชกรแนะนำ),ฐานข้อมูลยา NSC (medicines.csv) — คัดลอกข้อความจากฐานข้อมูล ไม่ได้เพิ่มเติมเอง,สร้างจากฐานข้อมูลยา (template),รอเภสัชกรตรวจ
drug-040-usage,ยารายตัว/วิธีใช้,ฟลูนาริซีน (Flunarizine) กินยังไง,วิธีใช้ ฟลูนาริซีน | วิธีใช้ Flunarizine | ฟลูนาริซีน กินตอนไหน,วิธีใช้ตามฐานข้อมูลยา: รับประทานวันละ 1 ครั้ง ครั้งละ 1 เม็ด ก่อนนอน (ไม่ใช่ยาสำหรับแก้ปวดเฉียบพลัน) หากไม่แน่ใจเรื่องขนาดยา ให้ทำตามฉลากยาหรือถามเภสัชกร,ฐานข้อมูลยา NSC (medicines.csv) — คัดลอกข้อความจากฐานข้อมูล ไม่ได้เพิ่มเติมเอง,สร้างจากฐานข้อมูลยา (template),รอเภสัชกรตรวจ
drug-040-precautions,ยารายตัว/ข้อควรระวัง,ฟลูนาริซีน (Flunarizine) มีข้อควรระวังอะไรบ้าง,ใครห้ามกิน ฟลูนาริซีน | ใครห้ามกิน Flunarizine | ฟลูนาริซีน ระวังอะไร,ข้อควรระวังตามฐานข้อมูลยา: ห้ามใช้ในผู้ป่วยที่เป็นโรคซึมเศร้า หรือมีประวัติทางจิตเวช และห้ามใช้ในผู้ป่วยที่เป็นโรคพาร์กินสัน หรือมีอาการสั่น (ข้อมูลทั่วไป ควรใช้ตามที่แพทย์หรือเภสัชกรแนะนำ),ฐานข้อมูลยา NSC (medicines.csv) — คัดลอกข้อความจากฐานข้อมูล ไม่ได้เพิ่มเติมเอง,สร้างจากฐานข้อมูลยา (template),รอเภสัชกรตรวจ
drug-040-side_effects,ยารายตัว/ผลข้างเคียง,ฟลูนาริซีน (Flunarizine) มีผลข้างเคียงอะไรบ้าง,กิน ฟลูนาริซีน แล้วมีอาการอะไรได้บ้าง | กิน Flunarizine แล้วมีอาการอะไรได้บ้าง | ฟลูนาริซีน มีผลเสียไหม,ผลข้างเคียงตามฐานข้อมูลยา: ง่วงซึม อ่อนเพลีย น้ำหนักตัวเพิ่มขึ้นเนื่องจากเจริญอาหารมากขึ้น หากใช้ติดต่อกันเป็นเวลานานอาจทำให้เกิดอาการซึมเศร้าหรืออาการเคลื่อนไหวผิดปกติได้ ถ้ามีอาการรุนแรงหรือกังวล ให้รีบปรึกษาแพทย์หรือเภสัชกร ไม่ควรหยุดยาประจำเองโดยไม่ถาม,ฐานข้อมูลยา NSC (medicines.csv) — คัดลอกข้อความจากฐานข้อมูล ไม่ได้เพิ่มเติมเอง,สร้างจากฐานข้อมูลยา (template),รอเภสัชกรตรวจ
drug-041-description,ยารายตัว/สรรพคุณ,ไดคลอกซาซิลลิน (Dicloxacillin) ใช้รักษาอะไร,ไดคลอกซาซิลลิน ใช้ทำอะไร | Dicloxacillin ใช้ทำอะไร | กินไดคลอกซาซิลลินเพื่ออะไร,ไดคลอกซาซิลลิน (Dicloxacillin) ใช้สำหรับรักษาโรคติดเชื้อแบคทีเรียที่ผิวหนังและเนื้อเยื่ออ่อน เช่น ฝี หนอง แผลติดเชื้อ (ข้อมูลทั่วไป ควรใช้ตามที่แพทย์หรือเภสัชกรแนะนำ),ฐานข้อมูลยา NSC (medicines.csv) — คัดลอกข้อความจากฐานข้อมูล ไม่ได้เพิ่มเติมเอง,สร้างจากฐานข้อมูลยา (template),รอเภสัชกรตรวจ
drug-041-usage,ยารายตัว/วิธีใช้,ไดคลอกซาซิลลิน (Dicloxacillin) กินยังไง,วิธีใช้ ไดคลอกซาซิลลิน | วิธีใช้ Dicloxacillin | ไดคลอกซาซิลลิน กินตอนไหน,วิธีใช้ตามฐานข้อมูลยา: รับประทานครั้งละ 1 เม็ด วันละ 4 ครั้ง ก่อนอาหาร 1 ชั่วโมง หรือตอนท้องว่าง และต้องทานจนครบชุด หากไม่แน่ใจเรื่องขนาดยา ให้ทำตามฉลากยาหรือถามเภสัชกร,ฐานข้อมูลยา NSC (medicines.csv) — คัดลอกข้อความจากฐานข้อมูล ไม่ได้เพิ่มเติมเอง,สร้างจากฐานข้อมูลยา (template),รอเภสัชกรตรวจ
drug-041-precautions,ยารายตัว/ข้อควรระวัง,ไดคลอกซาซิลลิน (Dicloxacillin) มีข้อควรระวังอะไรบ้าง,ใครห้ามกิน ไดคลอกซาซิลลิน | ใครห้ามกิน Dicloxacillin | ไดคลอกซาซิลลิน ระวังอะไร,ข้อควรระวังตามฐานข้อมูลยา: ห้ามใช้ในผู้ที่เคยมีประวัติแพ้ยาในกลุ่มเพนิซิลลิน และควรระวังในผู้ป่วยที่มีภาวะตับบกพร่อง การทานยาไม่ครบกำหนดอาจทำให้เชื้อดื้อยาได้ (ข้อมูลทั่วไป ควรใช้ตามที่แพทย์หรือเภสัชกรแนะนำ),ฐานข้อมูลยา NSC (medicines.csv) — คัดลอกข้อความจากฐานข้อมูล ไม่ได้เพิ่มเติมเอง,สร้างจากฐานข้อมูลยา (template),รอเภสัชกรตรวจ
drug-041-side_effects,ยารายตัว/ผลข้างเคียง,ไดคลอกซาซิลลิน (Dicloxacillin) มีผลข้างเคียงอะไรบ้าง,กิน ไดคลอกซาซิลลิน แล้วมีอาการอะไรได้บ้าง | กิน Dicloxacillin แล้วมีอาการอะไรได้บ้าง | ไดคลอกซาซิลลิน มีผลเสียไหม,ผลข้างเคียงตามฐานข้อมูลยา: คลื่นไส้ อาเจียน จุกเสียดแน่นท้อง ท้องเสีย แสบยอดอก หากเกิดผื่นคัน ลมพิษ หน้าบวม หรือหายใจลำบาก ให้หยุดยาทันทีเพราะอาจเป็นสัญญาณของการแพ้ยารุนแรง ถ้ามีอาการรุนแรงหรือกังวล ให้รีบปรึกษาแพทย์หรือเภสัชกร ไม่ควรหยุดยาประจำเองโดยไม่ถาม,ฐานข้อมูลยา NSC (medicines.csv) — คัดลอกข้อความจากฐานข้อมูล ไม่ได้เพิ่มเติมเอง,สร้างจากฐานข้อมูลยา (template),รอเภสัชกรตรวจ
drug-042-description,ยารายตัว/สรรพคุณ,ไดเมนไฮดริเนต (ยาแก้เมารถ) (Dimenhydrinate) ใช้รักษาอะไร,ไดเมนไฮดริเนต (ยาแก้เมารถ) ใช้ทำอะไร | Dimenhydrinate ใช้ทำอะไร | กินไดเมนไฮดริเนต (ยาแก้เมารถ)เพื่ออะไร,ไดเมนไฮดริเนต (ยาแก้เมารถ) (Dimenhydrinate) ใช้สำหรับป้องกันและบรรเทาอาการเมารถ เมาเรือ เมาเครื่องบิน และอาการเวียนศีรษะ คลื่นไส้ (ข้อมูลทั่วไป ควรใช้ตามที่แพทย์หรือเภสัชกรแนะนำ),ฐานข้อมูลยา NSC (medicines.csv) — คัดลอกข้อความจากฐานข้อมูล ไม่ได้เพิ่มเติมเอง,สร้างจากฐานข้อมูลยา (template),รอเภสัชกรตรวจ
drug-042-usage,ยารายตัว/วิธีใช้,ไดเมนไฮดริเนต (ยาแก้เมารถ) (Dimenhydrinate) กินยังไง,วิธีใช้ ไดเมนไฮดริเนต (ยาแก้เมารถ) | วิธีใช้ Dimenhydrinate | ไดเมนไฮดริเนต (ยาแก้เมารถ) กินตอนไหน,วิธีใช้ตามฐานข้อมูลยา: รับประทานครั้งละ 1 เม็ด ก่อนออกเดินทางอย่างน้อย 30 นาที สามารถทานซ้ำได้ทุก 4-6 ชั่วโมงเมื่อมีอาการ หากไม่แน่ใจเรื่องขนาดยา ให้ทำตามฉลากยาหรือถามเภสัชกร,ฐานข้อมูลยา NSC (medicines.csv) — คัดลอกข้อความจากฐานข้อมูล ไม่ได้เพิ่มเติมเอง,สร้างจากฐานข้อมูลยา (template),รอเภสัชกรตรวจ
drug-042-precautions,ยารายตัว/ข้อควรระวัง,ไดเมนไฮดริเนต (ยาแก้เมารถ) (Dimenhydrinate) มีข้อควรระวังอะไรบ้าง,ใครห้ามกิน ไดเมนไฮดริเนต (ยาแก้เมารถ) | ใครห้ามกิน Dimenhydrinate | ไดเมนไฮดริเนต (ยาแก้เมารถ) ระวังอะไร,ข้อควรระวังตามฐานข้อมูลยา: ยานี้ทำให้เกิดอาการง่วงซึมรุนแรง จึงไม่ควรขับขี่ยานพาหนะ หรือทำงานเกี่ยวกับเครื่องจักรกล และหลีกเลี่ยงการใช้ร่วมกับยากดประสาทอื่นๆ หรือแอลกอฮอล์ (ข้อมูลทั่วไป ควรใช้ตามที่แพทย์หรือเภสัชกรแนะนำ),ฐานข้อมูลยา NSC (medicines.csv) — คัดลอกข้อความจากฐานข้อมูล ไม่ได้เพิ่มเติมเอง,สร้างจากฐานข้อมูลยา (template),รอเภสัชกรตรวจ
drug-042-side_effects,ยารายตัว/ผลข้างเคียง,ไดเมนไฮดริเนต (ยาแก้เมารถ) (Dimenhydrinate) มีผลข้างเคียงอะไรบ้าง,กิน ไดเมนไฮดริเนต (ยาแก้เมารถ) แล้วมีอาการอะไรได้บ้าง | กิน Dimenhydrinate แล้วมีอาการอะไรได้บ้าง | ไดเมนไฮดริเนต (ยาแก้เมารถ) มีผลเสียไหม,ผลข้างเคียงตามฐานข้อมูลยา: ง่วงนอนมาก ปากแห้ง คอแห้ง ตาพร่ามัว ปัสสาวะขัด วิงเวียนศีรษะ ในผู้สูงอายุอาจทำให้เกิดอาการสับสนชั่วคราวได้ ถ้ามีอาการรุนแรงหรือกังวล ให้รีบปรึกษาแพทย์หรือเภสัชกร ไม่ควรหยุดยาประจำเองโดยไม่ถาม,ฐานข้อมูลยา NSC (medicines.csv) — คัดลอกข้อความจากฐานข้อมูล ไม่ได้เพิ่มเติมเอง,สร้างจากฐานข้อมูลยา (template),รอเภสัชกรตรวจ
drug-043-description,ยารายตัว/สรรพคุณ,นอร์ฟลอกซาซิน (Norfloxacin) ใช้รักษาอะไร,นอร์ฟลอกซาซิน ใช้ทำอะไร | Norfloxacin ใช้ทำอะไร | กินนอร์ฟลอกซาซินเพื่ออะไร,นอร์ฟลอกซาซิน (Norfloxacin) ใช้สำหรับรักษาอาการท้องเสียจากการติดเชื้อแบคทีเรีย (บิดมีตัว) และการติดเชื้อในระบบทางเดินปัสสาวะ (ข้อมูลทั่วไป ควรใช้ตามที่แพทย์หรือเภสัชกรแนะนำ),ฐานข้อมูลยา NSC (medicines.csv) — คัดลอกข้อความจากฐานข้อมูล ไม่ได้เพิ่มเติมเอง,สร้างจากฐานข้อมูลยา (template),รอเภสัชกรตรวจ
drug-043-usage,ยารายตัว/วิธีใช้,นอร์ฟลอกซาซิน (Norfloxacin) กินยังไง,วิธีใช้ นอร์ฟลอกซาซิน | วิธีใช้ Norfloxacin | นอร์ฟลอกซาซิน กินตอนไหน,วิธีใช้ตามฐานข้อมูลยา: รับประทานครั้งละ 1 เม็ด วันละ 2 ครั้ง (เช้า-เย็น) ก่อนอาหาร 1 ชั่วโมงหรือหลังอาหาร 2 ชั่วโมง ทานติดต่อกันจนครบกำหนด หากไม่แน่ใจเรื่องขนาดยา ให้ทำตามฉลากยาหรือถามเภสัชกร,ฐานข้อมูลยา NSC (medicines.csv) — คัดลอกข้อความจากฐานข้อมูล ไม่ได้เพิ่มเติมเอง,สร้างจากฐานข้อมูลยา (template),รอเภสัชกรตรวจ
drug-043-precautions,ยารายตัว/ข้อควรระวัง,นอร์ฟลอกซาซิน (Norfloxacin) มีข้อควรระวังอะไรบ้าง,ใครห้ามกิน นอร์ฟลอกซาซิน | ใครห้ามกิน Norfloxacin | นอร์ฟลอกซาซิน ระวังอะไร,ข้อควรระวังตามฐานข้อมูลยา: ยานี้อาจเพิ่มความเสี่ยงต่อการเกิดเอ็นอักเสบและเอ็นฉีกขาด (โดยเฉพาะเอ็นร้อยหวาย) ห้ามใช้ในเด็กอายุต่ำกว่า 18 ปี และหญิงตั้งครรภ์หรือให้นมบุตร (ข้อมูลทั่วไป ควรใช้ตามที่แพทย์หรือเภสัชกรแนะนำ),ฐานข้อมูลยา NSC (medicines.csv) — คัดลอกข้อความจากฐานข้อมูล ไม่ได้เพิ่มเติมเอง,สร้างจากฐานข้อมูลยา (template),รอเภสัชกรตรวจ
drug-043-side_effects,ยารายตัว/ผลข้างเคียง,นอร์ฟลอกซาซิน (Norfloxacin) มีผลข้างเคียงอะไรบ้าง,กิน นอร์ฟลอกซาซิน แล้วมีอาการอะไรได้บ้าง | กิน Norfloxacin แล้วมีอาการอะไรได้บ้าง | นอร์ฟลอกซาซิน มีผลเสียไหม,ผลข้างเคียงตามฐานข้อมูลยา: คลื่นไส้ อาเจียน เบื่ออาหาร มวนท้อง ปวดศีรษะ วิงเวียน ผิวหนังไวต่อแสงแดด (เกิดผื่นง่ายขึ้นเมื่อโดนแดด) ถ้ามีอาการรุนแรงหรือกังวล ให้รีบปรึกษาแพทย์หรือเภสัชกร ไม่ควรหยุดยาประจำเองโดยไม่ถาม,ฐานข้อมูลยา NSC (medicines.csv) — คัดลอกข้อความจากฐานข้อมูล ไม่ได้เพิ่มเติมเอง,สร้างจากฐานข้อมูลยา (template),รอเภสัชกรตรวจ
drug-044-description,ยารายตัว/สรรพคุณ,ทรามาดอล (Tramadol) ใช้รักษาอะไร,ทรามาดอล ใช้ทำอะไร | Tramadol ใช้ทำอะไร | กินทรามาดอลเพื่ออะไร,ทรามาดอล (Tramadol) ใช้สำหรับบรรเทาอาการปวดชนิดรุนแรงปานกลางถึงรุนแรงมาก ที่ใช้ยาแก้ปวดทั่วไปแล้วไม่ได้ผล (ข้อมูลทั่วไป ควรใช้ตามที่แพทย์หรือเภสัชกรแนะนำ),ฐานข้อมูลยา NSC (medicines.csv) — คัดลอกข้อความจากฐานข้อมูล ไม่ได้เพิ่มเติมเอง,สร้างจากฐานข้อมูลยา (template),รอเภสัชกรตรวจ
drug-044-usage,ยารายตัว/วิธีใช้,ทรามาดอล (Tramadol) กินยังไง,วิธีใช้ ทรามาดอล | วิธีใช้ Tramadol | ทรามาดอล กินตอนไหน,วิธีใช้ตามฐานข้อมูลยา: รับประทานครั้งละ 1 เม็ด ทุก 4-6 ชั่วโมง เมื่อมีอาการปวดรุนแรง (ต้องใช้ภายใต้คำสั่งแพทย์เท่านั้น) หากไม่แน่ใจเรื่องขนาดยา ให้ทำตามฉลากยาหรือถามเภสัชกร,ฐานข้อมูลยา NSC (medicines.csv) — คัดลอกข้อความจากฐานข้อมูล ไม่ได้เพิ่มเติมเอง,สร้างจากฐานข้อมูลยา (template),รอเภสัชกรตรวจ
drug-044-precautions,ยารายตัว/ข้อควรระวัง,ทรามาดอล (Tramadol) มีข้อควรระวังอะไรบ้าง,ใครห้ามกิน ทรามาดอล | ใครห้ามกิน Tramadol | ทรามาดอล ระวังอะไร,ข้อควรระวังตามฐานข้อมูลยา: ยานี้อาจทำให้เกิดการเสพติดและกดระบบทางเดินหายใจจนถึงแก่ชีวิตได้หากใช้เกินขนาด ห้ามใช้ร่วมกับแอลกอฮอล์ และห้ามใช้ในเด็กอายุต่ำกว่า 12 ปี (ข้อมูลทั่วไป ควรใช้ตามที่แพทย์หรือเภสัชกรแนะนำ),ฐานข้อมูลยา NSC (medicines.csv) — คัดลอกข้อความจากฐานข้อมูล ไม่ได้เพิ่มเติมเอง,สร้างจากฐานข้อมูลยา (template),รอเภสัชกรตรวจ
drug-044-side_effects,ยารายตัว/ผลข้างเคียง,ทรามาดอล (Tramadol) มีผลข้างเคียงอะไรบ้าง,กิน ทรามาดอล แล้วมีอาการอะไรได้บ้าง | กิน Tramadol แล้วมีอาการอะไรได้บ้าง | ทรามาดอล มีผลเสียไหม,ผลข้างเคียงตามฐานข้อมูลยา: วิงเวียนศีรษะ ง่วงซึม คลื่นไส้ อาเจียน ท้องผูก ปากแห้ง หากใช้ยาติดต่อกันเป็นเวลานานแล้วหยุดยาทันทีอาจเกิดอาการถอนยาได้ ถ้ามีอาการรุนแรงหรือกังวล ให้รีบปรึกษาแพทย์หรือเภสัชกร ไม่ควรหยุดยาประจำเองโดยไม่ถาม,ฐานข้อมูลยา NSC (medicines.csv) — คัดลอกข้อความจากฐานข้อมูล ไม่ได้เพิ่มเติมเอง,สร้างจากฐานข้อมูลยา (template),รอเภสัชกรตรวจ
drug-045-description,ยารายตัว/สรรพคุณ,ยาน้ำขับลม (Gripe Water) ใช้รักษาอะไร,ยาน้ำขับลม ใช้ทำอะไร | Gripe Water ใช้ทำอะไร | กินยาน้ำขับลมเพื่ออะไร,ยาน้ำขับลม (Gripe Water) ใช้สำหรับบรรเทาอาการท้องอืด ท้องเฟ้อ แน่นท้อง และช่วยขับลมในกระเพาะอาหาร (ข้อมูลทั่วไป ควรใช้ตามที่แพทย์หรือเภสัชกรแนะนำ),ฐานข้อมูลยา NSC (medicines.csv) — คัดลอกข้อความจากฐานข้อมูล ไม่ได้เพิ่มเติมเอง,สร้างจากฐานข้อมูลยา (template),รอเภสัชกรตรวจ
drug-045-usage,ยารายตัว/วิธีใช้,ยาน้ำขับลม (Gripe Water) กินยังไง,วิธีใช้ ยาน้ำขับลม | วิธีใช้ Gripe Water | ยาน้ำขับลม กินตอนไหน,วิธีใช้ตามฐานข้อมูลยา: ทานครั้งละ 1/2 ถึง 2 ช้อนชา (ตามอายุที่ระบุบนฉลาก) วันละ 3-4 ครั้ง หลังอาหารหรือเมื่อมีอาการ หากไม่แน่ใจเรื่องขนาดยา ให้ทำตามฉลากยาหรือถามเภสัชกร,ฐานข้อมูลยา NSC (medicines.csv) — คัดลอกข้อความจากฐานข้อมูล ไม่ได้เพิ่มเติมเอง,สร้างจากฐานข้อมูลยา (template),รอเภสัชกรตรวจ
drug-045-precautions,ยารายตัว/ข้อควรระวัง,ยาน้ำขับลม (Gripe Water) มีข้อควรระวังอะไรบ้าง,ใครห้ามกิน ยาน้ำขับลม | ใครห้ามกิน Gripe Water | ยาน้ำขับลม ระวังอะไร,ข้อควรระวังตามฐานข้อมูลยา: ควรเลือกสูตรที่ไม่มีแอลกอฮอล์และไม่มีน้ำตาลสำหรับเด็กทารก ระวังการใช้ในผู้ป่วยที่ต้องควบคุมปริมาณโซเดียม (เนื่องจากบางสูตรมีส่วนผสมของโซเดียมไบคาร์บอเนต) (ข้อมูลทั่วไป ควรใช้ตามที่แพทย์หรือเภสัชกรแนะนำ),ฐานข้อมูลยา NSC (medicines.csv) — คัดลอกข้อความจากฐานข้อมูล ไม่ได้เพิ่มเติมเอง,สร้างจากฐานข้อมูลยา (template),รอเภสัชกรตรวจ
drug-045-side_effects,ยารายตัว/ผลข้างเคียง,ยาน้ำขับลม (Gripe Water) มีผลข้างเคียงอะไรบ้าง,กิน ยาน้ำขับลม แล้วมีอาการอะไรได้บ้าง | กิน Gripe Water แล้วมีอาการอะไรได้บ้าง | ยาน้ำขับลม มีผลเสียไหม,ผลข้างเคียงตามฐานข้อมูลยา: ค่อนข้างปลอดภัยสูง แต่อาจพบอาการข้างเคียงส่วนบุคคล เช่น ท้องอืดเพิ่มขึ้นเล็กน้อยจากการขับลม หรือแพ้ส่วนประกอบสมุนไพรในตำรับ (พบได้น้อยมาก) ถ้ามีอาการรุนแรงหรือกังวล ให้รีบปรึกษาแพทย์หรือเภสัชกร ไม่ควรหยุดยาประจำเองโดยไม่ถาม,ฐานข้อมูลยา NSC (medicines.csv) — คัดลอกข้อความจากฐานข้อมูล ไม่ได้เพิ่มเติมเอง,สร้างจากฐานข้อมูลยา (template),รอเภสัชกรตรวจ
drug-046-description,ยารายตัว/สรรพคุณ,ฟ้าทะลายโจร (ชนิดแคปซูล/เม็ด) (Andrographis paniculata) ใช้รักษาอะไร,ฟ้าทะลายโจร (ชนิดแคปซูล/เม็ด) ใช้ทำอะไร | Andrographis paniculata ใช้ทำอะไร | กินฟ้าทะลายโจร (ชนิดแคปซูล/เม็ด)เพื่ออะไร,ฟ้าทะลายโจร (ชนิดแคปซูล/เม็ด) (Andrographis paniculata) ใช้สำหรับบรรเทาอาการเจ็บคอ บรรเทาอาการหวัด เช่น มีน้ำมูก ครั่นเนื้อครั่นตัว (ข้อมูลทั่วไป ควรใช้ตามที่แพทย์หรือเภสัชกรแนะนำ),ฐานข้อมูลยา NSC (medicines.csv) — คัดลอกข้อความจากฐานข้อมูล ไม่ได้เพิ่มเติมเอง,สร้างจากฐานข้อมูลยา (template),รอเภสัชกรตรวจ
drug-046-usage,ยารายตัว/วิธีใช้,ฟ้าทะลายโจร (ชนิดแคปซูล/เม็ด) (Andrographis paniculata) กินยังไง,วิธีใช้ ฟ้าทะลายโจร (ชนิดแคปซูล/เม็ด) | วิธีใช้ Andrographis paniculata | ฟ้าทะลายโจร (ชนิดแคปซูล/เม็ด) กินตอนไหน,วิธีใช้ตามฐานข้อมูลยา: รับประทานครั้งละ 2-4 แคปซูล (ตามขนาดมิลลิกรัมของสารแอนโดรกราโฟไลด์) วันละ 3-4 ครั้ง หลังอาหารและก่อนนอน หากไม่แน่ใจเรื่องขนาดยา ให้ทำตามฉลากยาหรือถามเภสัชกร,ฐานข้อมูลยา NSC (medicines.csv) — คัดลอกข้อความจากฐานข้อมูล ไม่ได้เพิ่มเติมเอง,สร้างจากฐานข้อมูลยา (template),รอเภสัชกรตรวจ
drug-046-precautions,ยารายตัว/ข้อควรระวัง,ฟ้าทะลายโจร (ชนิดแคปซูล/เม็ด) (Andrographis paniculata) มีข้อควรระวังอะไรบ้าง,ใครห้ามกิน ฟ้าทะลายโจร (ชนิดแคปซูล/เม็ด) | ใครห้ามกิน Andrographis paniculata | ฟ้าทะลายโจร (ชนิดแคปซูล/เม็ด) ระวังอะไร,ข้อควรระวังตามฐานข้อมูลยา: ห้ามใช้ในหญิงตั้งครรภ์และหญิงให้นมบุตรเนื่องจากอาจทำให้ทารกวิกาลได้ ห้ามใช้ในผู้ที่มีอาการเจ็บคอเนื่องจากติดเชื้อแบคทีเรีย Streptococcus กลุ่ม A และหากใช้ติดต่อกัน 3 วันแล้วอาการไม่ดีขึ้นหรือรุนแรงขึ้นควรหยุดใช้และพบแพทย์ (ข้อมูลทั่วไป ควรใช้ตามที่แพทย์หรือเภสัชกรแนะนำ),ฐานข้อมูลยา NSC (medicines.csv) — คัดลอกข้อความจากฐานข้อมูล ไม่ได้เพิ่มเติมเอง,สร้างจากฐานข้อมูลยา (template),รอเภสัชกรตรวจ
drug-046-side_effects,ยารายตัว/ผลข้างเคียง,ฟ้าทะลายโจร (ชนิดแคปซูล/เม็ด) (Andrographis paniculata) มีผลข้างเคียงอะไรบ้าง,กิน ฟ้าทะลายโจร (ชนิดแคปซูล/เม็ด) แล้วมีอาการอะไรได้บ้าง | กิน Andrographis paniculata แล้วมีอาการอะไรได้บ้าง | ฟ้าทะลายโจร (ชนิดแคปซูล/เม็ด) มีผลเสียไหม,ผลข้างเคียงตามฐานข้อมูลยา: อาจทำให้เกิดอาการผิดปกติของระบบทางเดินอาหาร เช่น แน่นท้อง ท้องอืด คลื่นไส้ อาเจียน ท้องเสีย หากเกิดผื่นคัน ลมพิษ หน้าบวม ริมฝีปากบวม หายใจลำบาก ให้หยุดยาทันทีเพราะอาจเป็นอาการแพ้ยารุนแรง ถ้ามีอาการรุนแรงหรือกังวล ให้รีบปรึกษาแพทย์หรือเภสัชกร ไม่ควรหยุดยาประจำเองโดยไม่ถาม,ฐานข้อมูลยา NSC (medicines.csv) — คัดลอกข้อความจากฐานข้อมูล ไม่ได้เพิ่มเติมเอง,สร้างจากฐานข้อมูลยา (template),รอเภสัชกรตรวจ
drug-047-description,ยารายตัว/สรรพคุณ,เมเฟนามิก แอซิด (Mefenamic Acid) ใช้รักษาอะไร,เมเฟนามิก แอซิด ใช้ทำอะไร | Mefenamic Acid ใช้ทำอะไร | กินเมเฟนามิก แอซิดเพื่ออะไร,เมเฟนามิก แอซิด (Mefenamic Acid) ใช้สำหรับบรรเทาอาการปวดเล็กน้อยถึงปานกลาง โดยเฉพาะปวดประจำเดือน ปวดฟัน และปวดกล้ามเนื้อ (ข้อมูลทั่วไป ควรใช้ตามที่แพทย์หรือเภสัชกรแนะนำ),ฐานข้อมูลยา NSC (medicines.csv) — คัดลอกข้อความจากฐานข้อมูล ไม่ได้เพิ่มเติมเอง,สร้างจากฐานข้อมูลยา (template),รอเภสัชกรตรวจ
drug-047-usage,ยารายตัว/วิธีใช้,เมเฟนามิก แอซิด (Mefenamic Acid) กินยังไง,วิธีใช้ เมเฟนามิก แอซิด | วิธีใช้ Mefenamic Acid | เมเฟนามิก แอซิด กินตอนไหน,วิธีใช้ตามฐานข้อมูลยา: รับประทานครั้งละ 1 เม็ด วันละ 3 ครั้ง ต้องรับประทานหลังอาหารทันทีและดื่มน้ำตามมากๆ หากไม่แน่ใจเรื่องขนาดยา ให้ทำตามฉลากยาหรือถามเภสัชกร,ฐานข้อมูลยา NSC (medicines.csv) — คัดลอกข้อความจากฐานข้อมูล ไม่ได้เพิ่มเติมเอง,สร้างจากฐานข้อมูลยา (template),รอเภสัชกรตรวจ
drug-047-precautions,ยารายตัว/ข้อควรระวัง,เมเฟนามิก แอซิด (Mefenamic Acid) มีข้อควรระวังอะไรบ้าง,ใครห้ามกิน เมเฟนามิก แอซิด | ใครห้ามกิน Mefenamic Acid | เมเฟนามิก แอซิด ระวังอะไร,ข้อควรระวังตามฐานข้อมูลยา: ห้ามใช้ในผู้ที่เป็นโรคแผลในกระเพาะอาหารหรือลำไส้ ห้ามใช้ในผู้ป่วยโรคไตระยะรุนแรง โรคตับรุนแรง หรือผู้ที่เคยแพ้ยาแอสไพริน และไม่ควรใช้ยานี้ติดต่อกันนานเกิน 7 วัน (ข้อมูลทั่วไป ควรใช้ตามที่แพทย์หรือเภสัชกรแนะนำ),ฐานข้อมูลยา NSC (medicines.csv) — คัดลอกข้อความจากฐานข้อมูล ไม่ได้เพิ่มเติมเอง,สร้างจากฐานข้อมูลยา (template),รอเภสัชกรตรวจ
drug-047-side_effects,ยารายตัว/ผลข้างเคียง,เมเฟนามิก แอซิด (Mefenamic Acid) มีผลข้างเคียงอะไรบ้าง,กิน เมเฟนามิก แอซิด แล้วมีอาการอะไรได้บ้าง | กิน Mefenamic Acid แล้วมีอาการอะไรได้บ้าง | เมเฟนามิก แอซิด มีผลเสียไหม,ผลข้างเคียงตามฐานข้อมูลยา: ระคายเคืองระบบทางเดินอาหาร ปวดท้อง คลื่นไส้ อาเจียน ท้องเสีย แสบยอดอก หากใช้ติดต่อกันเป็นเวลานานอาจส่งผลกระทบต่อการทำงานของไต และเพิ่มความเสี่ยงต่อโรคหลอดเลือดสมองและหัวใจ ถ้ามีอาการรุนแรงหรือกังวล ให้รีบปรึกษาแพทย์หรือเภสัชกร ไม่ควรหยุดยาประจำเองโดยไม่ถาม,ฐานข้อมูลยา NSC (medicines.csv) — คัดลอกข้อความจากฐานข้อมูล ไม่ได้เพิ่มเติมเอง,สร้างจากฐานข้อมูลยา (template),รอเภสัชกรตรวจ
drug-048-description,ยารายตัว/สรรพคุณ,โลเพอราไมด์ (Loperamide) ใช้รักษาอะไร,โลเพอราไมด์ ใช้ทำอะไร | Loperamide ใช้ทำอะไร | กินโลเพอราไมด์เพื่ออะไร,โลเพอราไมด์ (Loperamide) ใช้สำหรับบรรเทาอาการท้องเสียเฉียบพลันชนิดไม่มีภาวะแทรกซ้อน (ช่วยลดการบีบตัวของลำไส้) (ข้อมูลทั่วไป ควรใช้ตามที่แพทย์หรือเภสัชกรแนะนำ),ฐานข้อมูลยา NSC (medicines.csv) — คัดลอกข้อความจากฐานข้อมูล ไม่ได้เพิ่มเติมเอง,สร้างจากฐานข้อมูลยา (template),รอเภสัชกรตรวจ
drug-048-usage,ยารายตัว/วิธีใช้,โลเพอราไมด์ (Loperamide) กินยังไง,วิธีใช้ โลเพอราไมด์ | วิธีใช้ Loperamide | โลเพอราไมด์ กินตอนไหน,วิธีใช้ตามฐานข้อมูลยา: รับประทานครั้งแรก 2 เม็ด จากนั้นทานครั้งละ 1 เม็ดทุกครั้งที่ถ่ายเหลว (ห้ามทานเกินวันละ 8 เม็ด และหยุดทานทันทีเมื่ออุจจาระเป็นก้อน) หากไม่แน่ใจเรื่องขนาดยา ให้ทำตามฉลากยาหรือถามเภสัชกร,ฐานข้อมูลยา NSC (medicines.csv) — คัดลอกข้อความจากฐานข้อมูล ไม่ได้เพิ่มเติมเอง,สร้างจากฐานข้อมูลยา (template),รอเภสัชกรตรวจ
drug-048-precautions,ยารายตัว/ข้อควรระวัง,โลเพอราไมด์ (Loperamide) มีข้อควรระวังอะไรบ้าง,ใครห้ามกิน โลเพอราไมด์ | ใครห้ามกิน Loperamide | โลเพอราไมด์ ระวังอะไร,ข้อควรระวังตามฐานข้อมูลยา: ห้ามใช้ในผู้ป่วยท้องเสียที่มีอาการติดเชื้อรุนแรง เช่น ถ่ายเป็นมูกเลือด หรือมีไข้สูง และห้ามใช้ในผู้ป่วยลำไส้อักเสบจากการติดเชื้อแบคทีเรีย รวมถึงห้ามใช้ในเด็กอายุต่ำกว่า 12 ปี (ข้อมูลทั่วไป ควรใช้ตามที่แพทย์หรือเภสัชกรแนะนำ),ฐานข้อมูลยา NSC (medicines.csv) — คัดลอกข้อความจากฐานข้อมูล ไม่ได้เพิ่มเติมเอง,สร้างจากฐานข้อมูลยา (template),รอเภสัชกรตรวจ
drug-048-side_effects,ยารายตัว/ผลข้างเคียง,โลเพอราไมด์ (Loperamide) มีผลข้างเคียงอะไรบ้าง,กิน โลเพอราไมด์ แล้วมีอาการอะไรได้บ้าง | กิน Loperamide แล้วมีอาการอะไรได้บ้าง | โลเพอราไมด์ มีผลเสียไหม,ผลข้างเคียงตามฐานข้อมูลยา: ท้องผูก (หากใช้ยาเกินขนาด) ปวดมวนท้อง ท้องอืด แน่นท้อง วิงเวียนศีรษะ ปากแห้ง ง่วงซึม ในรายที่ทานเกินขนาดรุนแรงอาจส่งผลต่อการเต้นของหัวใจผิดจังหวะได้ ถ้ามีอาการรุนแรงหรือกังวล ให้รีบปรึกษาแพทย์หรือเภสัชกร ไม่ควรหยุดยาประจำเองโดยไม่ถาม,ฐานข้อมูลยา NSC (medicines.csv) — คัดลอกข้อความจากฐานข้อมูล ไม่ได้เพิ่มเติมเอง,สร้างจากฐานข้อมูลยา (template),รอเภสัชกรตรวจ
drug-049-description,ยารายตัว/สรรพคุณ,อะเซทิลซิสเทอีน (ยาละลายเสมหะชนิดเม็ดฟู่) (Acetylcysteine) ใช้รักษาอะไร,อะเซทิลซิสเทอีน (ยาละลายเสมหะชนิดเม็ดฟู่) ใช้ทำอะไร | Acetylcysteine ใช้ทำอะไร | กินอะเซทิลซิสเทอีน (ยาละลายเสมหะชนิดเม็ดฟู่)เพื่ออะไร,อะเซทิลซิสเทอีน (ยาละลายเสมหะชนิดเม็ดฟู่) (Acetylcysteine) ใช้สำหรับช่วยละลายเสมหะข้นเหนียวในโรคทางเดินหายใจ และบรรเทาอาการไอมีเสมหะ (ข้อมูลทั่วไป ควรใช้ตามที่แพทย์หรือเภสัชกรแนะนำ),ฐานข้อมูลยา NSC (medicines.csv) — คัดลอกข้อความจากฐานข้อมูล ไม่ได้เพิ่มเติมเอง,สร้างจากฐานข้อมูลยา (template),รอเภสัชกรตรวจ
drug-049-usage,ยารายตัว/วิธีใช้,อะเซทิลซิสเทอีน (ยาละลายเสมหะชนิดเม็ดฟู่) (Acetylcysteine) กินยังไง,วิธีใช้ อะเซทิลซิสเทอีน (ยาละลายเสมหะชนิดเม็ดฟู่) | วิธีใช้ Acetylcysteine | อะเซทิลซิสเทอีน (ยาละลายเสมหะชนิดเม็ดฟู่) กินตอนไหน,วิธีใช้ตามฐานข้อมูลยา: ละลายยา 1 เม็ดฟู่ลงในน้ำสะอาดครึ่งแก้ว รอจนละลายหมดแล้วดื่ม วันละ 1 ครั้ง (มักเป็นช่วงเย็นหรือหลังอาหาร) หากไม่แน่ใจเรื่องขนาดยา ให้ทำตามฉลากยาหรือถามเภสัชกร,ฐานข้อมูลยา NSC (medicines.csv) — คัดลอกข้อความจากฐานข้อมูล ไม่ได้เพิ่มเติมเอง,สร้างจากฐานข้อมูลยา (template),รอเภสัชกรตรวจ
drug-049-precautions,ยารายตัว/ข้อควรระวัง,อะเซทิลซิสเทอีน (ยาละลายเสมหะชนิดเม็ดฟู่) (Acetylcysteine) มีข้อควรระวังอะไรบ้าง,ใครห้ามกิน อะเซทิลซิสเทอีน (ยาละลายเสมหะชนิดเม็ดฟู่) | ใครห้ามกิน Acetylcysteine | อะเซทิลซิสเทอีน (ยาละลายเสมหะชนิดเม็ดฟู่) ระวังอะไร,ข้อควรระวังตามฐานข้อมูลยา: ระวังการใช้ในผู้ป่วยโรคหอบหืด เนื่องจากยาอาจกระตุ้นให้เกิดหลอดลมหดตัวได้ และระวังในผู้ป่วยที่มีประวัติเป็นแผลในกระเพาะอาหารเนื่องจากยาอาจระคายเคืองเยื่อบุทางเดินอาหาร (ข้อมูลทั่วไป ควรใช้ตามที่แพทย์หรือเภสัชกรแนะนำ),ฐานข้อมูลยา NSC (medicines.csv) — คัดลอกข้อความจากฐานข้อมูล ไม่ได้เพิ่มเติมเอง,สร้างจากฐานข้อมูลยา (template),รอเภสัชกรตรวจ
drug-049-side_effects,ยารายตัว/ผลข้างเคียง,อะเซทิลซิสเทอีน (ยาละลายเสมหะชนิดเม็ดฟู่) (Acetylcysteine) มีผลข้างเคียงอะไรบ้าง,กิน อะเซทิลซิสเทอีน (ยาละลายเสมหะชนิดเม็ดฟู่) แล้วมีอาการอะไรได้บ้าง | กิน Acetylcysteine แล้วมีอาการอะไรได้บ้าง | อะเซทิลซิสเทอีน (ยาละลายเสมหะชนิดเม็ดฟู่) มีผลเสียไหม,ผลข้างเคียงตามฐานข้อมูลยา: คลื่นไส้ อาเจียน แสบยอดอก ท้องเสีย รสชาติในปากผิดปกติชั่วคราว หรืออาจเกิดผื่นคัน ลมพิษ หลอดลมหดตัว (พบได้น้อย) ถ้ามีอาการรุนแรงหรือกังวล ให้รีบปรึกษาแพทย์หรือเภสัชกร ไม่ควรหยุดยาประจำเองโดยไม่ถาม,ฐานข้อมูลยา NSC (medicines.csv) — คัดลอกข้อความจากฐานข้อมูล ไม่ได้เพิ่มเติมเอง,สร้างจากฐานข้อมูลยา (template),รอเภสัชกรตรวจ
drug-050-description,ยารายตัว/สรรพคุณ,เอ็นไซม์ช่วยย่อย (ชนิดเม็ด) (Digestive Enzymes) ใช้รักษาอะไร,เอ็นไซม์ช่วยย่อย (ชนิดเม็ด) ใช้ทำอะไร | Digestive Enzymes ใช้ทำอะไร | กินเอ็นไซม์ช่วยย่อย (ชนิดเม็ด)เพื่ออะไร,เอ็นไซม์ช่วยย่อย (ชนิดเม็ด) (Digestive Enzymes) ใช้สำหรับบรรเทาอาการท้องอืด ท้องเฟ้อ อาหารไม่ย่อยเนื่องจากขาดน้ำย่อย หรือตับอ่อนทำงานบกพร่อง (ข้อมูลทั่วไป ควรใช้ตามที่แพทย์หรือเภสัชกรแนะนำ),ฐานข้อมูลยา NSC (medicines.csv) — คัดลอกข้อความจากฐานข้อมูล ไม่ได้เพิ่มเติมเอง,สร้างจากฐานข้อมูลยา (template),รอเภสัชกรตรวจ
drug-050-usage,ยารายตัว/วิธีใช้,เอ็นไซม์ช่วยย่อย (ชนิดเม็ด) (Digestive Enzymes) กินยังไง,วิธีใช้ เอ็นไซม์ช่วยย่อย (ชนิดเม็ด) | วิธีใช้ Digestive Enzymes | เอ็นไซม์ช่วยย่อย (ชนิดเม็ด) กินตอนไหน,วิธีใช้ตามฐานข้อมูลยา: รับประทานครั้งละ 1-2 เม็ด พร้อมอาหารหรือหลังอาหารทันที (ห้ามเคี้ยวเม็ดยาที่เป็นสูตรเคลือบพิเศษ) หากไม่แน่ใจเรื่องขนาดยา ให้ทำตามฉลากยาหรือถามเภสัชกร,ฐานข้อมูลยา NSC (medicines.csv) — คัดลอกข้อความจากฐานข้อมูล ไม่ได้เพิ่มเติมเอง,สร้างจากฐานข้อมูลยา (template),รอเภสัชกรตรวจ
drug-050-precautions,ยารายตัว/ข้อควรระวัง,เอ็นไซม์ช่วยย่อย (ชนิดเม็ด) (Digestive Enzymes) มีข้อควรระวังอะไรบ้าง,ใครห้ามกิน เอ็นไซม์ช่วยย่อย (ชนิดเม็ด) | ใครห้ามกิน Digestive Enzymes | เอ็นไซม์ช่วยย่อย (ชนิดเม็ด) ระวังอะไร,ข้อควรระวังตามฐานข้อมูลยา: ห้ามใช้ในผู้ที่แพ้ส่วนประกอบของยานี้ หรือผู้ที่เป็นโรคตับอ่อนอักเสบเฉียบพลัน หากอาการอาหารไม่ย่อยยังคงอยู่เป็นเวลานานหรือมีอาการรุนแรงขึ้น ควรพบแพทย์เพื่อตรวจหาสาเหตุที่แท้จริง (ข้อมูลทั่วไป ควรใช้ตามที่แพทย์หรือเภสัชกรแนะนำ),ฐานข้อมูลยา NSC (medicines.csv) — คัดลอกข้อความจากฐานข้อมูล ไม่ได้เพิ่มเติมเอง,สร้างจากฐานข้อมูลยา (template),รอเภสัชกรตรวจ
drug-050-side_effects,ยารายตัว/ผลข้างเคียง,เอ็นไซม์ช่วยย่อย (ชนิดเม็ด) (Digestive Enzymes) มีผลข้างเคียงอะไรบ้าง,กิน เอ็นไซม์ช่วยย่อย (ชนิดเม็ด) แล้วมีอาการอะไรได้บ้าง | กิน Digestive Enzymes แล้วมีอาการอะไรได้บ้าง | เอ็นไซม์ช่วยย่อย (ชนิดเม็ด) มีผลเสียไหม,ผลข้างเคียงตามฐานข้อมูลยา: ค่อนข้างปลอดภัยสูง แต่อาจพบอาการข้างเคียงส่วนบุคคลได้เล็กน้อย เช่น คลื่นไส้ ท้องเสีย ปวดท้องชั่วคราว หรือระคายเคืองรอบทวารหนักหากใช้ยาในขนาดสูงมากเกินไป ถ้ามีอาการรุนแรงหรือกังวล ให้รีบปรึกษาแพทย์หรือเภสัชกร ไม่ควรหยุดยาประจำเองโดยไม่ถาม,ฐานข้อมูลยา NSC (medicines.csv) — คัดลอกข้อความจากฐานข้อมูล ไม่ได้เพิ่มเติมเอง,สร้างจากฐานข้อมูลยา (template),รอเภสัชกรตรวจ
drug-051-description,ยารายตัว/สรรพคุณ,โคลชิซีน (Colchicine) ใช้รักษาอะไร,โคลชิซีน ใช้ทำอะไร | Colchicine ใช้ทำอะไร | กินโคลชิซีนเพื่ออะไร,โคลชิซีน (Colchicine) ใช้สำหรับบรรเทาและป้องกันการโจมตีของโรคเกาต์เฉียบพลัน (ข้อมูลทั่วไป ควรใช้ตามที่แพทย์หรือเภสัชกรแนะนำ),ฐานข้อมูลยา NSC (medicines.csv) — คัดลอกข้อความจากฐานข้อมูล ไม่ได้เพิ่มเติมเอง,สร้างจากฐานข้อมูลยา (template),รอเภสัชกรตรวจ
drug-051-usage,ยารายตัว/วิธีใช้,โคลชิซีน (Colchicine) กินยังไง,วิธีใช้ โคลชิซีน | วิธีใช้ Colchicine | โคลชิซีน กินตอนไหน,วิธีใช้ตามฐานข้อมูลยา: รับประทานครั้งละ 1 เม็ด เมื่อมีอาการปวดข้อ (หรือตามแพทย์สั่งอย่างเคร่งครัด ห้ามทานเพิ่มเอง) หากไม่แน่ใจเรื่องขนาดยา ให้ทำตามฉลากยาหรือถามเภสัชกร,ฐานข้อมูลยา NSC (medicines.csv) — คัดลอกข้อความจากฐานข้อมูล ไม่ได้เพิ่มเติมเอง,สร้างจากฐานข้อมูลยา (template),รอเภสัชกรตรวจ
drug-051-precautions,ยารายตัว/ข้อควรระวัง,โคลชิซีน (Colchicine) มีข้อควรระวังอะไรบ้าง,ใครห้ามกิน โคลชิซีน | ใครห้ามกิน Colchicine | โคลชิซีน ระวังอะไร,ข้อควรระวังตามฐานข้อมูลยา: ยานี้มีพิษรุนแรงหากใช้เกินขนาด ห้ามใช้ในผู้ป่วยที่มีภาวะตับหรือไตบกพร่องขั้นรุนแรง และห้ามใช้ร่วมกับยาบางชนิด เช่น Clarithromycin เนื่องจากอาจเพิ่มระดับยาจนเป็นอันตรายถึงชีวิต (ข้อมูลทั่วไป ควรใช้ตามที่แพทย์หรือเภสัชกรแนะนำ),ฐานข้อมูลยา NSC (medicines.csv) — คัดลอกข้อความจากฐานข้อมูล ไม่ได้เพิ่มเติมเอง,สร้างจากฐานข้อมูลยา (template),รอเภสัชกรตรวจ
drug-051-side_effects,ยารายตัว/ผลข้างเคียง,โคลชิซีน (Colchicine) มีผลข้างเคียงอะไรบ้าง,กิน โคลชิซีน แล้วมีอาการอะไรได้บ้าง | กิน Colchicine แล้วมีอาการอะไรได้บ้าง | โคลชิซีน มีผลเสียไหม,ผลข้างเคียงตามฐานข้อมูลยา: อาการข้างเคียงที่พบบ่อยและเป็นสัญญาณเตือนให้หยุดยาคือ ท้องเสีย คลื่นไส้ อาเจียน ปวดท้อง หากใช้ติดต่อกันเป็นเวลานานอาจส่งผลต่อระบบสร้างเม็ดเลือดขาวและทำให้ผมร่วงได้ ถ้ามีอาการรุนแรงหรือกังวล ให้รีบปรึกษาแพทย์หรือเภสัชกร ไม่ควรหยุดยาประจำเองโดยไม่ถาม,ฐานข้อมูลยา NSC (medicines.csv) — คัดลอกข้อความจากฐานข้อมูล ไม่ได้เพิ่มเติมเอง,สร้างจากฐานข้อมูลยา (template),รอเภสัชกรตรวจ
drug-052-description,ยารายตัว/สรรพคุณ,ซิโปรฟลอกซาซิน (Ciprofloxacin) ใช้รักษาอะไร,ซิโปรฟลอกซาซิน ใช้ทำอะไร | Ciprofloxacin ใช้ทำอะไร | กินซิโปรฟลอกซาซินเพื่ออะไร,ซิโปรฟลอกซาซิน (Ciprofloxacin) ใช้สำหรับรักษาโรคติดเชื้อแบคทีเรียในระบบทางเดินปัสสาวะ ทางเดินอาหาร และทางเดินหายใจ (ข้อมูลทั่วไป ควรใช้ตามที่แพทย์หรือเภสัชกรแนะนำ),ฐานข้อมูลยา NSC (medicines.csv) — คัดลอกข้อความจากฐานข้อมูล ไม่ได้เพิ่มเติมเอง,สร้างจากฐานข้อมูลยา (template),รอเภสัชกรตรวจ
drug-052-usage,ยารายตัว/วิธีใช้,ซิโปรฟลอกซาซิน (Ciprofloxacin) กินยังไง,วิธีใช้ ซิโปรฟลอกซาซิน | วิธีใช้ Ciprofloxacin | ซิโปรฟลอกซาซิน กินตอนไหน,วิธีใช้ตามฐานข้อมูลยา: รับประทานครั้งละ 1 เม็ด วันละ 2 ครั้ง (ทุก 12 ชั่วโมง) ต้องรับประทานยาจนครบกำหนด แม้จะอาการดีขึ้นแล้ว หากไม่แน่ใจเรื่องขนาดยา ให้ทำตามฉลากยาหรือถามเภสัชกร,ฐานข้อมูลยา NSC (medicines.csv) — คัดลอกข้อความจากฐานข้อมูล ไม่ได้เพิ่มเติมเอง,สร้างจากฐานข้อมูลยา (template),รอเภสัชกรตรวจ
drug-052-precautions,ยารายตัว/ข้อควรระวัง,ซิโปรฟลอกซาซิน (Ciprofloxacin) มีข้อควรระวังอะไรบ้าง,ใครห้ามกิน ซิโปรฟลอกซาซิน | ใครห้ามกิน Ciprofloxacin | ซิโปรฟลอกซาซิน ระวังอะไร,ข้อควรระวังตามฐานข้อมูลยา: ยานี้อาจเพิ่มความเสี่ยงต่อการเกิดเอ็นอักเสบและเอ็นฉีกขาด ห้ามใช้ในเด็กอายุต่ำกว่า 18 ปี หญิงตั้งครรภ์ และหลีกเลี่ยงการทานร่วมกับยาลดกรดหรือนมเพราะจะลดการดูดซึมยา (ข้อมูลทั่วไป ควรใช้ตามที่แพทย์หรือเภสัชกรแนะนำ),ฐานข้อมูลยา NSC (medicines.csv) — คัดลอกข้อความจากฐานข้อมูล ไม่ได้เพิ่มเติมเอง,สร้างจากฐานข้อมูลยา (template),รอเภสัชกรตรวจ
drug-052-side_effects,ยารายตัว/ผลข้างเคียง,ซิโปรฟลอกซาซิน (Ciprofloxacin) มีผลข้างเคียงอะไรบ้าง,กิน ซิโปรฟลอกซาซิน แล้วมีอาการอะไรได้บ้าง | กิน Ciprofloxacin แล้วมีอาการอะไรได้บ้าง | ซิโปรฟลอกซาซิน มีผลเสียไหม,ผลข้างเคียงตามฐานข้อมูลยา: คลื่นไส้ ท้องเสีย เวียนศีรษะ ปวดศีรษะ นอนไม่หลับ ผิวหนังไวต่อแสงแดด (เกิดผื่นง่ายขึ้น) และอาจทำให้เกิดการติดเชื้อราในช่องคลอดหรือทางเดินอาหารได้หากใช้เวลานาน ถ้ามีอาการรุนแรงหรือกังวล ให้รีบปรึกษาแพทย์หรือเภสัชกร ไม่ควรหยุดยาประจำเองโดยไม่ถาม,ฐานข้อมูลยา NSC (medicines.csv) — คัดลอกข้อความจากฐานข้อมูล ไม่ได้เพิ่มเติมเอง,สร้างจากฐานข้อมูลยา (template),รอเภสัชกรตรวจ
drug-053-description,ยารายตัว/สรรพคุณ,เมคลีซีน (Meclizine) ใช้รักษาอะไร,เมคลีซีน ใช้ทำอะไร | Meclizine ใช้ทำอะไร | กินเมคลีซีนเพื่ออะไร,เมคลีซีน (Meclizine) ใช้สำหรับป้องกันและบรรเทาอาการเวียนศีรษะ บ้านหมุน เมารถ เมาเรือ (ข้อมูลทั่วไป ควรใช้ตามที่แพทย์หรือเภสัชกรแนะนำ),ฐานข้อมูลยา NSC (medicines.csv) — คัดลอกข้อความจากฐานข้อมูล ไม่ได้เพิ่มเติมเอง,สร้างจากฐานข้อมูลยา (template),รอเภสัชกรตรวจ
drug-053-usage,ยารายตัว/วิธีใช้,เมคลีซีน (Meclizine) กินยังไง,วิธีใช้ เมคลีซีน | วิธีใช้ Meclizine | เมคลีซีน กินตอนไหน,วิธีใช้ตามฐานข้อมูลยา: รับประทานครั้งละ 1 เม็ด วันละ 1-2 ครั้ง หรือทานก่อนเดินทางอย่างน้อย 1 ชั่วโมง หากไม่แน่ใจเรื่องขนาดยา ให้ทำตามฉลากยาหรือถามเภสัชกร,ฐานข้อมูลยา NSC (medicines.csv) — คัดลอกข้อความจากฐานข้อมูล ไม่ได้เพิ่มเติมเอง,สร้างจากฐานข้อมูลยา (template),รอเภสัชกรตรวจ
drug-053-precautions,ยารายตัว/ข้อควรระวัง,เมคลีซีน (Meclizine) มีข้อควรระวังอะไรบ้าง,ใครห้ามกิน เมคลีซีน | ใครห้ามกิน Meclizine | เมคลีซีน ระวังอะไร,ข้อควรระวังตามฐานข้อมูลยา: ยานี้อาจทำให้เกิดอาการง่วงซึม จึงไม่ควรขับขี่ยานพาหนะ หรือทำงานเกี่ยวกับเครื่องจักรกล และระวังการใช้ในผู้ป่วยโรคต้อหิน หรือต่อมลูกหมากโตปัสสาวะขัด (ข้อมูลทั่วไป ควรใช้ตามที่แพทย์หรือเภสัชกรแนะนำ),ฐานข้อมูลยา NSC (medicines.csv) — คัดลอกข้อความจากฐานข้อมูล ไม่ได้เพิ่มเติมเอง,สร้างจากฐานข้อมูลยา (template),รอเภสัชกรตรวจ
drug-053-side_effects,ยารายตัว/ผลข้างเคียง,เมคลีซีน (Meclizine) มีผลข้างเคียงอะไรบ้าง,กิน เมคลีซีน แล้วมีอาการอะไรได้บ้าง | กิน Meclizine แล้วมีอาการอะไรได้บ้าง | เมคลีซีน มีผลเสียไหม,ผลข้างเคียงตามฐานข้อมูลยา: ง่วงนอน ปากแห้ง คอแห้ง ตาพร่ามัว อ่อนเพลีย ปวดศีรษะ หรืออาจมีอาการเหนื่อยล้าชั่วคราวหลังจากยาหมดฤทธิ์ ถ้ามีอาการรุนแรงหรือกังวล ให้รีบปรึกษาแพทย์หรือเภสัชกร ไม่ควรหยุดยาประจำเองโดยไม่ถาม,ฐานข้อมูลยา NSC (medicines.csv) — คัดลอกข้อความจากฐานข้อมูล ไม่ได้เพิ่มเติมเอง,สร้างจากฐานข้อมูลยา (template),รอเภสัชกรตรวจ
drug-054-description,ยารายตัว/สรรพคุณ,ซิต้ากลิปตินะ (Sitagliptin) ใช้รักษาอะไร,ซิต้ากลิปตินะ ใช้ทำอะไร | Sitagliptin ใช้ทำอะไร | กินซิต้ากลิปตินะเพื่ออะไร,ซิต้ากลิปตินะ (Sitagliptin) ใช้สำหรับควบคุมระดับน้ำตาลในเลือดสำหรับผู้ป่วยเบาหวานชนิดที่ 2 ร่วมกับการควบคุมอาหารและการออกกำลังกาย (ข้อมูลทั่วไป ควรใช้ตามที่แพทย์หรือเภสัชกรแนะนำ),ฐานข้อมูลยา NSC (medicines.csv) — คัดลอกข้อความจากฐานข้อมูล ไม่ได้เพิ่มเติมเอง,สร้างจากฐานข้อมูลยา (template),รอเภสัชกรตรวจ
drug-054-usage,ยารายตัว/วิธีใช้,ซิต้ากลิปตินะ (Sitagliptin) กินยังไง,วิธีใช้ ซิต้ากลิปตินะ | วิธีใช้ Sitagliptin | ซิต้ากลิปตินะ กินตอนไหน,วิธีใช้ตามฐานข้อมูลยา: รับประทานวันละ 1 ครั้ง ครั้งละ 100 มิลลิกรัม สามารถรับประทานพร้อมอาหารหรือไม่ก็ได้ หากไม่แน่ใจเรื่องขนาดยา ให้ทำตามฉลากยาหรือถามเภสัชกร,ฐานข้อมูลยา NSC (medicines.csv) — คัดลอกข้อความจากฐานข้อมูล ไม่ได้เพิ่มเติมเอง,สร้างจากฐานข้อมูลยา (template),รอเภสัชกรตรวจ
drug-054-precautions,ยารายตัว/ข้อควรระวัง,ซิต้ากลิปตินะ (Sitagliptin) มีข้อควรระวังอะไรบ้าง,ใครห้ามกิน ซิต้ากลิปตินะ | ใครห้ามกิน Sitagliptin | ซิต้ากลิปตินะ ระวังอะไร,ข้อควรระวังตามฐานข้อมูลยา: ห้ามใช้ในผู้ป่วยเบาหวานชนิดที่ 1 หรือภาวะเลือดเป็นกรดจากคีโตน (DKA) ระวังการใช้ในผู้ป่วยที่มีประวัติตับอ่อนอักเสบเฉียบพลัน และต้องปรับขนาดยาในผู้ป่วยที่มีการทำงานของไตบกพร่องปานกลางถึงรุนแรง (ข้อมูลทั่วไป ควรใช้ตามที่แพทย์หรือเภสัชกรแนะนำ),ฐานข้อมูลยา NSC (medicines.csv) — คัดลอกข้อความจากฐานข้อมูล ไม่ได้เพิ่มเติมเอง,สร้างจากฐานข้อมูลยา (template),รอเภสัชกรตรวจ
drug-054-side_effects,ยารายตัว/ผลข้างเคียง,ซิต้ากลิปตินะ (Sitagliptin) มีผลข้างเคียงอะไรบ้าง,กิน ซิต้ากลิปตินะ แล้วมีอาการอะไรได้บ้าง | กิน Sitagliptin แล้วมีอาการอะไรได้บ้าง | ซิต้ากลิปตินะ มีผลเสียไหม,"ผลข้างเคียงตามฐานข้อมูลยา: อาจทำให้เกิดอาการติดเชื้อในระบบทางเดินหายใจส่วนบน, คัดจมูก น้ำมูกไหล, ปวดศีรษะ, ท้องผูก, และมีรายงานการเกิดตับอ่อนอักเสบเฉียบพลัน (Pancreatitis) ซึ่งเป็นอันตรายร้ายแรง ถ้ามีอาการรุนแรงหรือกังวล ให้รีบปรึกษาแพทย์หรือเภสัชกร ไม่ควรหยุดยาประจำเองโดยไม่ถาม",ฐานข้อมูลยา NSC (medicines.csv) — คัดลอกข้อความจากฐานข้อมูล ไม่ได้เพิ่มเติมเอง,สร้างจากฐานข้อมูลยา (template),รอเภสัชกรตรวจ
drug-055-description,ยารายตัว/สรรพคุณ,เทลมิซาร์แทน (Telmisartan) ใช้รักษาอะไร,เทลมิซาร์แทน ใช้ทำอะไร | Telmisartan ใช้ทำอะไร | กินเทลมิซาร์แทนเพื่ออะไร,เทลมิซาร์แทน (Telmisartan) ใช้สำหรับลดความดันโลหิตสูง และช่วยลดความเสี่ยงของโรคหลอดโรคหัวใจและหลอดสมองในผู้ป่วยกลุ่มเสี่ยง (ข้อมูลทั่วไป ควรใช้ตามที่แพทย์หรือเภสัชกรแนะนำ),ฐานข้อมูลยา NSC (medicines.csv) — คัดลอกข้อความจากฐานข้อมูล ไม่ได้เพิ่มเติมเอง,สร้างจากฐานข้อมูลยา (template),รอเภสัชกรตรวจ
drug-055-usage,ยารายตัว/วิธีใช้,เทลมิซาร์แทน (Telmisartan) กินยังไง,วิธีใช้ เทลมิซาร์แทน | วิธีใช้ Telmisartan | เทลมิซาร์แทน กินตอนไหน,วิธีใช้ตามฐานข้อมูลยา: รับประทานวันละ 1 ครั้ง ครั้งละ 40-80 มิลลิกรัม ก่อนหรือหลังอาหาร (ควรทานเวลาเดียวกันทุกวัน) หากไม่แน่ใจเรื่องขนาดยา ให้ทำตามฉลากยาหรือถามเภสัชกร,ฐานข้อมูลยา NSC (medicines.csv) — คัดลอกข้อความจากฐานข้อมูล ไม่ได้เพิ่มเติมเอง,สร้างจากฐานข้อมูลยา (template),รอเภสัชกรตรวจ
drug-055-precautions,ยารายตัว/ข้อควรระวัง,เทลมิซาร์แทน (Telmisartan) มีข้อควรระวังอะไรบ้าง,ใครห้ามกิน เทลมิซาร์แทน | ใครห้ามกิน Telmisartan | เทลมิซาร์แทน ระวังอะไร,ข้อควรระวังตามฐานข้อมูลยา: ห้ามใช้ในหญิงตั้งครรภ์ (โดยเฉพาะไตรมาสที่ 2 และ 3) เนื่องจากทำให้ทารกในครรภ์พิการหรือเสียชีวิตได้ ห้ามใช้ร่วมกับยา Aliskiren ในผู้ป่วยเบาหวาน และระวังภาวะโพแทสเซียมในเลือดสูง (Hyperkalemia) (ข้อมูลทั่วไป ควรใช้ตามที่แพทย์หรือเภสัชกรแนะนำ),ฐานข้อมูลยา NSC (medicines.csv) — คัดลอกข้อความจากฐานข้อมูล ไม่ได้เพิ่มเติมเอง,สร้างจากฐานข้อมูลยา (template),รอเภสัชกรตรวจ
drug-055-side_effects,ยารายตัว/ผลข้างเคียง,เทลมิซาร์แทน (Telmisartan) มีผลข้างเคียงอะไรบ้าง,กิน เทลมิซาร์แทน แล้วมีอาการอะไรได้บ้าง | กิน Telmisartan แล้วมีอาการอะไรได้บ้าง | เทลมิซาร์แทน มีผลเสียไหม,"ผลข้างเคียงตามฐานข้อมูลยา: เวียนศีรษะ, หน้ามืดจากการเปลี่ยนท่าทาง (Orthostatic Hypotension), ปวดหลัง, ติดเชื้อในระบบทางเดินหายใจส่วนบน, และอาจทำให้ค่าการทำงานของไตเปลี่ยนแปลง ถ้ามีอาการรุนแรงหรือกังวล ให้รีบปรึกษาแพทย์หรือเภสัชกร ไม่ควรหยุดยาประจำเองโดยไม่ถาม",ฐานข้อมูลยา NSC (medicines.csv) — คัดลอกข้อความจากฐานข้อมูล ไม่ได้เพิ่มเติมเอง,สร้างจากฐานข้อมูลยา (template),รอเภสัชกรตรวจ
drug-056-description,ยารายตัว/สรรพคุณ,โรซูวาสแตตินะ (Rosuvastatin) ใช้รักษาอะไร,โรซูวาสแตตินะ ใช้ทำอะไร | Rosuvastatin ใช้ทำอะไร | กินโรซูวาสแตตินะเพื่ออะไร,"โรซูวาสแตตินะ (Rosuvastatin) ใช้สำหรับลดระดับคอเลสเตอรอลชนิดไม่ดี (LDL), คอเลสเตอรอลรวม (Total Cholesterol) และไตรกลีเซอไรด์ พร้อมทั้งเพิ่ม HDL (ข้อมูลทั่วไป ควรใช้ตามที่แพทย์หรือเภสัชกรแนะนำ)",ฐานข้อมูลยา NSC (medicines.csv) — คัดลอกข้อความจากฐานข้อมูล ไม่ได้เพิ่มเติมเอง,สร้างจากฐานข้อมูลยา (template),รอเภสัชกรตรวจ
drug-056-usage,ยารายตัว/วิธีใช้,โรซูวาสแตตินะ (Rosuvastatin) กินยังไง,วิธีใช้ โรซูวาสแตตินะ | วิธีใช้ Rosuvastatin | โรซูวาสแตตินะ กินตอนไหน,วิธีใช้ตามฐานข้อมูลยา: รับประทานวันละ 1 ครั้ง ครั้งละ 5-20 มิลลิกรัม สามารถรับประทานเวลาใดก็ได้ (พร้อมอาหารหรือไม่ก็ได้) แต่ควรเป็นเวลาเดียวกันของทุกวัน หากไม่แน่ใจเรื่องขนาดยา ให้ทำตามฉลากยาหรือถามเภสัชกร,ฐานข้อมูลยา NSC (medicines.csv) — คัดลอกข้อความจากฐานข้อมูล ไม่ได้เพิ่มเติมเอง,สร้างจากฐานข้อมูลยา (template),รอเภสัชกรตรวจ
drug-056-precautions,ยารายตัว/ข้อควรระวัง,โรซูวาสแตตินะ (Rosuvastatin) มีข้อควรระวังอะไรบ้าง,ใครห้ามกิน โรซูวาสแตตินะ | ใครห้ามกิน Rosuvastatin | โรซูวาสแตตินะ ระวังอะไร,ข้อควรระวังตามฐานข้อมูลยา: ห้ามใช้ในผู้ป่วยโรคตับระยะลุกลาม ห้ามใช้ในหญิงตั้งครรภ์และให้นมบุตร ระวังการเกิดพิษต่อกล้ามเนื้อหากใช้ร่วมกับยา Gemfibrozil หรือ Cyclosporine (ข้อมูลทั่วไป ควรใช้ตามที่แพทย์หรือเภสัชกรแนะนำ),ฐานข้อมูลยา NSC (medicines.csv) — คัดลอกข้อความจากฐานข้อมูล ไม่ได้เพิ่มเติมเอง,สร้างจากฐานข้อมูลยา (template),รอเภสัชกรตรวจ
drug-056-side_effects,ยารายตัว/ผลข้างเคียง,โรซูวาสแตตินะ (Rosuvastatin) มีผลข้างเคียงอะไรบ้าง,กิน โรซูวาสแตตินะ แล้วมีอาการอะไรได้บ้าง | กิน Rosuvastatin แล้วมีอาการอะไรได้บ้าง | โรซูวาสแตตินะ มีผลเสียไหม,"ผลข้างเคียงตามฐานข้อมูลยา: ปวดกล้ามเนื้อ (Myalgia), กล้ามเนื้ออักเสบ, ปวดศีรษะ, ท้องผูก, คลื่นไส้, และอาจส่งผลให้ค่าเอนไซม์ตับ (ALT/AST) สูงขึ้น เสี่ยงต่อภาวะกล้ามเนื้อสลาย (Rhabdomyolysis) ถ้ามีอาการรุนแรงหรือกังวล ให้รีบปรึกษาแพทย์หรือเภสัชกร ไม่ควรหยุดยาประจำเองโดยไม่ถาม",ฐานข้อมูลยา NSC (medicines.csv) — คัดลอกข้อความจากฐานข้อมูล ไม่ได้เพิ่มเติมเอง,สร้างจากฐานข้อมูลยา (template),รอเภสัชกรตรวจ
drug-057-description,ยารายตัว/สรรพคุณ,ริวาโรซาแบน (Rivaroxaban) ใช้รักษาอะไร,ริวาโรซาแบน ใช้ทำอะไร | Rivaroxaban ใช้ทำอะไร | กินริวาโรซาแบนเพื่ออะไร,ริวาโรซาแบน (Rivaroxaban) ใช้สำหรับป้องกันและรักษาภาวะลิ่มเลือดอุดตันในหลอดเลือดดำลึก (DVT) ลิ่มเลือดอุดตันในปอด (PE) และป้องกันโรคหลอดเลือดสมองในผู้ป่วยหัวใจเต้นผิดจังหวะชนิด AF (ข้อมูลทั่วไป ควรใช้ตามที่แพทย์หรือเภสัชกรแนะนำ),ฐานข้อมูลยา NSC (medicines.csv) — คัดลอกข้อความจากฐานข้อมูล ไม่ได้เพิ่มเติมเอง,สร้างจากฐานข้อมูลยา (template),รอเภสัชกรตรวจ
drug-057-usage,ยารายตัว/วิธีใช้,ริวาโรซาแบน (Rivaroxaban) กินยังไง,วิธีใช้ ริวาโรซาแบน | วิธีใช้ Rivaroxaban | ริวาโรซาแบน กินตอนไหน,วิธีใช้ตามฐานข้อมูลยา: รับประทานวันละ 1 หรือ 2 ครั้ง (ขึ้นกับข้อบ่งใช้) สำหรับขนาด 15 มิลลิกรัม และ 20 มิลลิกรัม **ต้องรับประทานพร้อมอาหาร** เพื่อเพิ่มการดูดซึมยา หากไม่แน่ใจเรื่องขนาดยา ให้ทำตามฉลากยาหรือถามเภสัชกร,ฐานข้อมูลยา NSC (medicines.csv) — คัดลอกข้อความจากฐานข้อมูล ไม่ได้เพิ่มเติมเอง,สร้างจากฐานข้อมูลยา (template),รอเภสัชกรตรวจ
drug-057-precautions,ยารายตัว/ข้อควรระวัง,ริวาโรซาแบน (Rivaroxaban) มีข้อควรระวังอะไรบ้าง,ใครห้ามกิน ริวาโรซาแบน | ใครห้ามกิน Rivaroxaban | ริวาโรซาแบน ระวังอะไร,ข้อควรระวังตามฐานข้อมูลยา: ห้ามใช้ในผู้ป่วยที่มีภาวะเลือดออกรุนแรงทางคลินิก โรคตับที่มีการแข็งตัวของเลือดผิดปกติ ระวังการเกิดอันตรายจากการเลือดออกในอวัยวะสำคัญ และห้ามหยุดยากะทันหันโดยแพทย์ไม่ได้สั่งเพราะเพิ่มความเสี่ยงลิ่มเลือดอุดตัน (ข้อมูลทั่วไป ควรใช้ตามที่แพทย์หรือเภสัชกรแนะนำ),ฐานข้อมูลยา NSC (medicines.csv) — คัดลอกข้อความจากฐานข้อมูล ไม่ได้เพิ่มเติมเอง,สร้างจากฐานข้อมูลยา (template),รอเภสัชกรตรวจ
drug-057-side_effects,ยารายตัว/ผลข้างเคียง,ริวาโรซาแบน (Rivaroxaban) มีผลข้างเคียงอะไรบ้าง,กิน ริวาโรซาแบน แล้วมีอาการอะไรได้บ้าง | กิน Rivaroxaban แล้วมีอาการอะไรได้บ้าง | ริวาโรซาแบน มีผลเสียไหม,"ผลข้างเคียงตามฐานข้อมูลยา: เลือดออกง่ายผิดปกติ (Bleeding) เช่น เลือดกำเดาไหล, เลือดออกตามไรฟัน, ปัสสาวะเป็นเลือด, อุจจาระสีดำ, มีรอยช้ำจ้ำเลือดตามผิวหนัง, และวิงเวียนศีรษะจากภาวะซีด ถ้ามีอาการรุนแรงหรือกังวล ให้รีบปรึกษาแพทย์หรือเภสัชกร ไม่ควรหยุดยาประจำเองโดยไม่ถาม",ฐานข้อมูลยา NSC (medicines.csv) — คัดลอกข้อความจากฐานข้อมูล ไม่ได้เพิ่มเติมเอง,สร้างจากฐานข้อมูลยา (template),รอเภสัชกรตรวจ
drug-058-description,ยารายตัว/สรรพคุณ,คาร์เวดิลอล (Carvedilol) ใช้รักษาอะไร,คาร์เวดิลอล ใช้ทำอะไร | Carvedilol ใช้ทำอะไร | กินคาร์เวดิลอลเพื่ออะไร,"คาร์เวดิลอล (Carvedilol) ใช้สำหรับรักษาความดันโลหิตสูง, ภาวะหัวใจล้มเหลวเรื้อรัง (Heart Failure) และลดอัตราการเสียชีวิตหลังกล้ามเนื้อหัวใจตาย (ข้อมูลทั่วไป ควรใช้ตามที่แพทย์หรือเภสัชกรแนะนำ)",ฐานข้อมูลยา NSC (medicines.csv) — คัดลอกข้อความจากฐานข้อมูล ไม่ได้เพิ่มเติมเอง,สร้างจากฐานข้อมูลยา (template),รอเภสัชกรตรวจ
drug-058-usage,ยารายตัว/วิธีใช้,คาร์เวดิลอล (Carvedilol) กินยังไง,วิธีใช้ คาร์เวดิลอล | วิธีใช้ Carvedilol | คาร์เวดิลอล กินตอนไหน,วิธีใช้ตามฐานข้อมูลยา: รับประทานวันละ 2 ครั้ง **แนะนำให้รับประทานพร้อมอาหาร** เพื่อชะลออัตราการดูดซึมและลดการเกิดความดันตกเมื่อเปลี่ยนท่า หากไม่แน่ใจเรื่องขนาดยา ให้ทำตามฉลากยาหรือถามเภสัชกร,ฐานข้อมูลยา NSC (medicines.csv) — คัดลอกข้อความจากฐานข้อมูล ไม่ได้เพิ่มเติมเอง,สร้างจากฐานข้อมูลยา (template),รอเภสัชกรตรวจ
drug-058-precautions,ยารายตัว/ข้อควรระวัง,คาร์เวดิลอล (Carvedilol) มีข้อควรระวังอะไรบ้าง,ใครห้ามกิน คาร์เวดิลอล | ใครห้ามกิน Carvedilol | คาร์เวดิลอล ระวังอะไร,"ข้อควรระวังตามฐานข้อมูลยา: ห้ามใช้ในผู้ป่วยโรคหืด (Asthma) หรือโรคหลอดลมอุดกั้นเรื้อรังรุนแรง, ภาวะหัวใจเต้นช้ากว่าปกติ (Bradycardia), ภาวะช็อกเนื่องจากโรคหัวใจ และห้ามหยุดยากะทันหันเพราะอาจเกิด Rebound Hypertension (ข้อมูลทั่วไป ควรใช้ตามที่แพทย์หรือเภสัชกรแนะนำ)",ฐานข้อมูลยา NSC (medicines.csv) — คัดลอกข้อความจากฐานข้อมูล ไม่ได้เพิ่มเติมเอง,สร้างจากฐานข้อมูลยา (template),รอเภสัชกรตรวจ
drug-058-side_effects,ยารายตัว/ผลข้างเคียง,คาร์เวดิลอล (Carvedilol) มีผลข้างเคียงอะไรบ้าง,กิน คาร์เวดิลอล แล้วมีอาการอะไรได้บ้าง | กิน Carvedilol แล้วมีอาการอะไรได้บ้าง | คาร์เวดิลอล มีผลเสียไหม,"ผลข้างเคียงตามฐานข้อมูลยา: เวียนศีรษะ, อ่อนเพลีย, ชีพจรเต้นช้า, ความดันโลหิตต่ำ, น้ำหนักตัวเพิ่มขึ้น, และภาวะน้ำตาลในเลือดต่ำหรือสูงในผู้ป่วยเบาหวาน ถ้ามีอาการรุนแรงหรือกังวล ให้รีบปรึกษาแพทย์หรือเภสัชกร ไม่ควรหยุดยาประจำเองโดยไม่ถาม",ฐานข้อมูลยา NSC (medicines.csv) — คัดลอกข้อความจากฐานข้อมูล ไม่ได้เพิ่มเติมเอง,สร้างจากฐานข้อมูลยา (template),รอเภสัชกรตรวจ
drug-059-description,ยารายตัว/สรรพคุณ,มอนเทลูคาสต์ (Montelukast) ใช้รักษาอะไร,มอนเทลูคาสต์ ใช้ทำอะไร | Montelukast ใช้ทำอะไร | กินมอนเทลูคาสต์เพื่ออะไร,มอนเทลูคาสต์ (Montelukast) ใช้สำหรับป้องกันและรักษาโรคหืดเรื้อรัง และบรรเทาอาการของโรคภูมิแพ้อากาศ (Allergic Rhinitis) (ข้อมูลทั่วไป ควรใช้ตามที่แพทย์หรือเภสัชกรแนะนำ),ฐานข้อมูลยา NSC (medicines.csv) — คัดลอกข้อความจากฐานข้อมูล ไม่ได้เพิ่มเติมเอง,สร้างจากฐานข้อมูลยา (template),รอเภสัชกรตรวจ
drug-059-usage,ยารายตัว/วิธีใช้,มอนเทลูคาสต์ (Montelukast) กินยังไง,วิธีใช้ มอนเทลูคาสต์ | วิธีใช้ Montelukast | มอนเทลูคาสต์ กินตอนไหน,วิธีใช้ตามฐานข้อมูลยา: รับประทานวันละ 1 ครั้ง สำหรับโรคหืดให้รับประทานตอนเย็นหรือก่อนนอน สำหรับโรคภูมิแพ้อากาศสามารถรับประทานเวลาใดก็ได้ หากไม่แน่ใจเรื่องขนาดยา ให้ทำตามฉลากยาหรือถามเภสัชกร,ฐานข้อมูลยา NSC (medicines.csv) — คัดลอกข้อความจากฐานข้อมูล ไม่ได้เพิ่มเติมเอง,สร้างจากฐานข้อมูลยา (template),รอเภสัชกรตรวจ
drug-059-precautions,ยารายตัว/ข้อควรระวัง,มอนเทลูคาสต์ (Montelukast) มีข้อควรระวังอะไรบ้าง,ใครห้ามกิน มอนเทลูคาสต์ | ใครห้ามกิน Montelukast | มอนเทลูคาสต์ ระวังอะไร,ข้อควรระวังตามฐานข้อมูลยา: ไม่ควรใช้เพื่อบรรเทาอาการหอบหืดเฉียบพลัน (ไม่ใช้แทนยาพ่นขยายหลอดลม) เฝ้าระวังอาการเปลี่ยนแปลงทางจิตใจ พฤติกรรม หรือความคิดฆ่าตัวตาย (Neuropsychiatric events) (ข้อมูลทั่วไป ควรใช้ตามที่แพทย์หรือเภสัชกรแนะนำ),ฐานข้อมูลยา NSC (medicines.csv) — คัดลอกข้อความจากฐานข้อมูล ไม่ได้เพิ่มเติมเอง,สร้างจากฐานข้อมูลยา (template),รอเภสัชกรตรวจ
drug-059-side_effects,ยารายตัว/ผลข้างเคียง,มอนเทลูคาสต์ (Montelukast) มีผลข้างเคียงอะไรบ้าง,กิน มอนเทลูคาสต์ แล้วมีอาการอะไรได้บ้าง | กิน Montelukast แล้วมีอาการอะไรได้บ้าง | มอนเทลูคาสต์ มีผลเสียไหม,"ผลข้างเคียงตามฐานข้อมูลยา: ปวดศีรษะ, ปวดท้อง, ไข้, ไอ, ไอเป็นเลือด, ฝันร้าย, วิตกกังวล, นอนไม่หลับ, และมีอาการกระสับกระส่าย ถ้ามีอาการรุนแรงหรือกังวล ให้รีบปรึกษาแพทย์หรือเภสัชกร ไม่ควรหยุดยาประจำเองโดยไม่ถาม",ฐานข้อมูลยา NSC (medicines.csv) — คัดลอกข้อความจากฐานข้อมูล ไม่ได้เพิ่มเติมเอง,สร้างจากฐานข้อมูลยา (template),รอเภสัชกรตรวจ
drug-060-description,ยารายตัว/สรรพคุณ,เฟกโซเฟนาดีน (Fexofenadine) ใช้รักษาอะไร,เฟกโซเฟนาดีน ใช้ทำอะไร | Fexofenadine ใช้ทำอะไร | กินเฟกโซเฟนาดีนเพื่ออะไร,เฟกโซเฟนาดีน (Fexofenadine) ใช้สำหรับบรรเทาอาการภูมิแพ้ เช่น จาม น้ำมูกไหล คันตา น้ำตาไหล และรักษาโรคผื่นคันลมพิษเรื้อรัง (ข้อมูลทั่วไป ควรใช้ตามที่แพทย์หรือเภสัชกรแนะนำ),ฐานข้อมูลยา NSC (medicines.csv) — คัดลอกข้อความจากฐานข้อมูล ไม่ได้เพิ่มเติมเอง,สร้างจากฐานข้อมูลยา (template),รอเภสัชกรตรวจ
drug-060-usage,ยารายตัว/วิธีใช้,เฟกโซเฟนาดีน (Fexofenadine) กินยังไง,วิธีใช้ เฟกโซเฟนาดีน | วิธีใช้ Fexofenadine | เฟกโซเฟนาดีน กินตอนไหน,วิธีใช้ตามฐานข้อมูลยา: รับประทานวันละ 1 ครั้ง (60 มิลลิกรัม หรือ 180 มิลลิกรัม) หรือแบ่งทานวันละ 2 ครั้ง แนะนำให้ทานกับน้ำเปล่า หลีกเลี่ยงการทานพร้อมน้ำผลไม้ (เช่น น้ำส้ม น้ำแอปเปิ้ล น้ำเกรปฟรุต) เพราะลดการดูดซึมยา หากไม่แน่ใจเรื่องขนาดยา ให้ทำตามฉลากยาหรือถามเภสัชกร,ฐานข้อมูลยา NSC (medicines.csv) — คัดลอกข้อความจากฐานข้อมูล ไม่ได้เพิ่มเติมเอง,สร้างจากฐานข้อมูลยา (template),รอเภสัชกรตรวจ
drug-060-precautions,ยารายตัว/ข้อควรระวัง,เฟกโซเฟนาดีน (Fexofenadine) มีข้อควรระวังอะไรบ้าง,ใครห้ามกิน เฟกโซเฟนาดีน | ใครห้ามกิน Fexofenadine | เฟกโซเฟนาดีน ระวังอะไร,ข้อควรระวังตามฐานข้อมูลยา: ระวังการใช้ในผู้ป่วยโรคไต (อาจต้องปรับลดขนาดยา) หลีกเลี่ยงการทานร่วมกับยาลดกรดที่มีส่วนผสมของอลูมิเนียมและแมกนีเซียมภายใน 2 ชั่วโมง (ข้อมูลทั่วไป ควรใช้ตามที่แพทย์หรือเภสัชกรแนะนำ),ฐานข้อมูลยา NSC (medicines.csv) — คัดลอกข้อความจากฐานข้อมูล ไม่ได้เพิ่มเติมเอง,สร้างจากฐานข้อมูลยา (template),รอเภสัชกรตรวจ
drug-060-side_effects,ยารายตัว/ผลข้างเคียง,เฟกโซเฟนาดีน (Fexofenadine) มีผลข้างเคียงอะไรบ้าง,กิน เฟกโซเฟนาดีน แล้วมีอาการอะไรได้บ้าง | กิน Fexofenadine แล้วมีอาการอะไรได้บ้าง | เฟกโซเฟนาดีน มีผลเสียไหม,"ผลข้างเคียงตามฐานข้อมูลยา: ปวดศีรษะ, ง่วงซึมเล็กน้อย (พบได้น้อยกว่ายาแก้แพ้รุ่นแรก), คลื่นไส้, วิงเวียนศีรษะ, และปากแห้งคอแห้ง ถ้ามีอาการรุนแรงหรือกังวล ให้รีบปรึกษาแพทย์หรือเภสัชกร ไม่ควรหยุดยาประจำเองโดยไม่ถาม",ฐานข้อมูลยา NSC (medicines.csv) — คัดลอกข้อความจากฐานข้อมูล ไม่ได้เพิ่มเติมเอง,สร้างจากฐานข้อมูลยา (template),รอเภสัชกรตรวจ
drug-061-description,ยารายตัว/สรรพคุณ,อีโซเมพราโซล (Esomeprazole) ใช้รักษาอะไร,อีโซเมพราโซล ใช้ทำอะไร | Esomeprazole ใช้ทำอะไร | กินอีโซเมพราโซลเพื่ออะไร,อีโซเมพราโซล (Esomeprazole) ใช้สำหรับยับยั้งการหลั่งกรดในกระเพาะอาหาร รักษาและป้องกันแผลในกระเพาะอาหารและลำไส้ และรักษาโรคกรดไหลย้อน (GERD) (ข้อมูลทั่วไป ควรใช้ตามที่แพทย์หรือเภสัชกรแนะนำ),ฐานข้อมูลยา NSC (medicines.csv) — คัดลอกข้อความจากฐานข้อมูล ไม่ได้เพิ่มเติมเอง,สร้างจากฐานข้อมูลยา (template),รอเภสัชกรตรวจ
drug-061-usage,ยารายตัว/วิธีใช้,อีโซเมพราโซล (Esomeprazole) กินยังไง,วิธีใช้ อีโซเมพราโซล | วิธีใช้ Esomeprazole | อีโซเมพราโซล กินตอนไหน,วิธีใช้ตามฐานข้อมูลยา: รับประทานวันละ 1 ครั้ง ครั้งละ 20-40 มิลลิกรัม ก่อนอาหารอย่างน้อย 30-60 นาที (มักแนะนำก่อนอาหารเช้า) ต้องกลืนทั้งเม็ด ห้ามเคี้ยวหรือบด หากไม่แน่ใจเรื่องขนาดยา ให้ทำตามฉลากยาหรือถามเภสัชกร,ฐานข้อมูลยา NSC (medicines.csv) — คัดลอกข้อความจากฐานข้อมูล ไม่ได้เพิ่มเติมเอง,สร้างจากฐานข้อมูลยา (template),รอเภสัชกรตรวจ
drug-061-precautions,ยารายตัว/ข้อควรระวัง,อีโซเมพราโซล (Esomeprazole) มีข้อควรระวังอะไรบ้าง,ใครห้ามกิน อีโซเมพราโซล | ใครห้ามกิน Esomeprazole | อีโซเมพราโซล ระวังอะไร,"ข้อควรระวังตามฐานข้อมูลยา: การใช้ติดต่อกันเป็นเวลานานอาจเพิ่มความเสี่ยงต่อกระดูกหัก (Osteoporosis), ภาวะแมกนีเซียมในเลือดต่ำ (Hypomagnesemia), และการติดเชื้อในลำไส้จากเชื้อ C. difficile (ข้อมูลทั่วไป ควรใช้ตามที่แพทย์หรือเภสัชกรแนะนำ)",ฐานข้อมูลยา NSC (medicines.csv) — คัดลอกข้อความจากฐานข้อมูล ไม่ได้เพิ่มเติมเอง,สร้างจากฐานข้อมูลยา (template),รอเภสัชกรตรวจ
drug-061-side_effects,ยารายตัว/ผลข้างเคียง,อีโซเมพราโซล (Esomeprazole) มีผลข้างเคียงอะไรบ้าง,กิน อีโซเมพราโซล แล้วมีอาการอะไรได้บ้าง | กิน Esomeprazole แล้วมีอาการอะไรได้บ้าง | อีโซเมพราโซล มีผลเสียไหม,"ผลข้างเคียงตามฐานข้อมูลยา: ปวดศีรษะ, ท้องเสียหรือท้องผูก, ปวดท้อง, ท้องอืด, คลื่นไส้ อาเจียน, และปากแห้ง ถ้ามีอาการรุนแรงหรือกังวล ให้รีบปรึกษาแพทย์หรือเภสัชกร ไม่ควรหยุดยาประจำเองโดยไม่ถาม",ฐานข้อมูลยา NSC (medicines.csv) — คัดลอกข้อความจากฐานข้อมูล ไม่ได้เพิ่มเติมเอง,สร้างจากฐานข้อมูลยา (template),รอเภสัชกรตรวจ
drug-062-description,ยารายตัว/สรรพคุณ,น้ำมันเปปเปอร์มินต์แคปซูล (Colpermin / Peppermint oil) ใช้รักษาอะไร,น้ำมันเปปเปอร์มินต์แคปซูล ใช้ทำอะไร | Colpermin / Peppermint oil ใช้ทำอะไร | กินน้ำมันเปปเปอร์มินต์แคปซูลเพื่ออะไร,น้ำมันเปปเปอร์มินต์แคปซูล (Colpermin / Peppermint oil) ใช้สำหรับบรรเทาอาการปวดเกร็งช่องท้อง ท้องอืด ท้องเฟ้อ และแน่นท้องในผู้ป่วยโรคลำไส้แปรปรวน (IBS) (ข้อมูลทั่วไป ควรใช้ตามที่แพทย์หรือเภสัชกรแนะนำ),ฐานข้อมูลยา NSC (medicines.csv) — คัดลอกข้อความจากฐานข้อมูล ไม่ได้เพิ่มเติมเอง,สร้างจากฐานข้อมูลยา (template),รอเภสัชกรตรวจ
drug-062-usage,ยารายตัว/วิธีใช้,น้ำมันเปปเปอร์มินต์แคปซูล (Colpermin / Peppermint oil) กินยังไง,วิธีใช้ น้ำมันเปปเปอร์มินต์แคปซูล | วิธีใช้ Colpermin / Peppermint oil | น้ำมันเปปเปอร์มินต์แคปซูล กินตอนไหน,วิธีใช้ตามฐานข้อมูลยา: รับประทานครั้งละ 1-2 แคปซูล วันละ 3 ครั้ง ก่อนอาหารประมาณ 30-60 นาที พร้อมน้ำเปล่าปริมาณมาก ห้ามเคี้ยวหรือทำให้แคปซูลแตก หากไม่แน่ใจเรื่องขนาดยา ให้ทำตามฉลากยาหรือถามเภสัชกร,ฐานข้อมูลยา NSC (medicines.csv) — คัดลอกข้อความจากฐานข้อมูล ไม่ได้เพิ่มเติมเอง,สร้างจากฐานข้อมูลยา (template),รอเภสัชกรตรวจ
drug-062-precautions,ยารายตัว/ข้อควรระวัง,น้ำมันเปปเปอร์มินต์แคปซูล (Colpermin / Peppermint oil) มีข้อควรระวังอะไรบ้าง,ใครห้ามกิน น้ำมันเปปเปอร์มินต์แคปซูล | ใครห้ามกิน Colpermin / Peppermint oil | น้ำมันเปปเปอร์มินต์แคปซูล ระวังอะไร,ข้อควรระวังตามฐานข้อมูลยา: ห้ามรับประทานพร้อมอาหารหรือรับประทานร่วมกับยาลดกรด เพราะจะทำให้เปลือกแคปซูลชนิดพิเศษละลายก่อนถึงลำไส้ ทำให้เกิดกรดไหลย้อนรุนแรง รูทวารหนักระคายเคือง (ข้อมูลทั่วไป ควรใช้ตามที่แพทย์หรือเภสัชกรแนะนำ),ฐานข้อมูลยา NSC (medicines.csv) — คัดลอกข้อความจากฐานข้อมูล ไม่ได้เพิ่มเติมเอง,สร้างจากฐานข้อมูลยา (template),รอเภสัชกรตรวจ
drug-062-side_effects,ยารายตัว/ผลข้างเคียง,น้ำมันเปปเปอร์มินต์แคปซูล (Colpermin / Peppermint oil) มีผลข้างเคียงอะไรบ้าง,กิน น้ำมันเปปเปอร์มินต์แคปซูล แล้วมีอาการอะไรได้บ้าง | กิน Colpermin / Peppermint oil แล้วมีอาการอะไรได้บ้าง | น้ำมันเปปเปอร์มินต์แคปซูล มีผลเสียไหม,"ผลข้างเคียงตามฐานข้อมูลยา: แสบร้อนกลางอก (Heartburn), คลื่นไส้, อาเจียน, แสบร้อนบริเวณรูทวารหนัก, และอาจมีผื่นคันตามผิวหนังหากแพ้ยา ถ้ามีอาการรุนแรงหรือกังวล ให้รีบปรึกษาแพทย์หรือเภสัชกร ไม่ควรหยุดยาประจำเองโดยไม่ถาม",ฐานข้อมูลยา NSC (medicines.csv) — คัดลอกข้อความจากฐานข้อมูล ไม่ได้เพิ่มเติมเอง,สร้างจากฐานข้อมูลยา (template),รอเภสัชกรตรวจ
drug-063-description,ยารายตัว/สรรพคุณ,อะซิโธรมัยซิ (Azithromycin) ใช้รักษาอะไร,อะซิโธรมัยซิ ใช้ทำอะไร | Azithromycin ใช้ทำอะไร | กินอะซิโธรมัยซิเพื่ออะไร,อะซิโธรมัยซิ (Azithromycin) ใช้สำหรับรักษาอาการติดเชื้อแบคทีเรียในระบบทางเดินหายใจ (เช่น ปอดบวม หลอดลมอักเสบ) ติดเชื้อที่ผิวหนัง และโรคติดต่อทางเพศสัมพันธ์ (เช่น หนองในเทียม) (ข้อมูลทั่วไป ควรใช้ตามที่แพทย์หรือเภสัชกรแนะนำ),ฐานข้อมูลยา NSC (medicines.csv) — คัดลอกข้อความจากฐานข้อมูล ไม่ได้เพิ่มเติมเอง,สร้างจากฐานข้อมูลยา (template),รอเภสัชกรตรวจ
drug-063-usage,ยารายตัว/วิธีใช้,อะซิโธรมัยซิ (Azithromycin) กินยังไง,วิธีใช้ อะซิโธรมัยซิ | วิธีใช้ Azithromycin | อะซิโธรมัยซิ กินตอนไหน,วิธีใช้ตามฐานข้อมูลยา: รับประทานวันละ 1 ครั้ง ติดต่อกัน 3 หรือ 5 วัน (ขึ้นกับความรุนแรงของโรค) สามารถรับประทานพร้อมอาหารหรือไม่ก็ได้ (ยกเว้นรูปแบบยาน้ำแขวนตะกอนบางยี่ห้อ) หากไม่แน่ใจเรื่องขนาดยา ให้ทำตามฉลากยาหรือถามเภสัชกร,ฐานข้อมูลยา NSC (medicines.csv) — คัดลอกข้อความจากฐานข้อมูล ไม่ได้เพิ่มเติมเอง,สร้างจากฐานข้อมูลยา (template),รอเภสัชกรตรวจ
drug-063-precautions,ยารายตัว/ข้อควรระวัง,อะซิโธรมัยซิ (Azithromycin) มีข้อควรระวังอะไรบ้าง,ใครห้ามกิน อะซิโธรมัยซิ | ใครห้ามกิน Azithromycin | อะซิโธรมัยซิ ระวังอะไร,ข้อควรระวังตามฐานข้อมูลยา: ระวังการใช้ในผู้ป่วยที่มีภาวะหัวใจเต้นผิดจังหวะชนิด QT Prolongation หรือผู้ที่มีระดับโพแทสเซียม/แมกนีเซียมในเลือดต่ำ ระวังการเกิดพิษต่อตับ และต้องทานยาให้ครบกำหนดแม้รวมถึงอาการจะดีขึ้นแล้ว (ข้อมูลทั่วไป ควรใช้ตามที่แพทย์หรือเภสัชกรแนะนำ),ฐานข้อมูลยา NSC (medicines.csv) — คัดลอกข้อความจากฐานข้อมูล ไม่ได้เพิ่มเติมเอง,สร้างจากฐานข้อมูลยา (template),รอเภสัชกรตรวจ
drug-063-side_effects,ยารายตัว/ผลข้างเคียง,อะซิโธรมัยซิ (Azithromycin) มีผลข้างเคียงอะไรบ้าง,กิน อะซิโธรมัยซิ แล้วมีอาการอะไรได้บ้าง | กิน Azithromycin แล้วมีอาการอะไรได้บ้าง | อะซิโธรมัยซิ มีผลเสียไหม,"ผลข้างเคียงตามฐานข้อมูลยา: ท้องเสีย, คลื่นไส้, ปวดท้อง, อาเจียน, การรับรสชาติเปลี่ยนไป, มีเสียงวิ้งในหูหรือหูอื้อชั่วคราว, และตับอักเสบ ถ้ามีอาการรุนแรงหรือกังวล ให้รีบปรึกษาแพทย์หรือเภสัชกร ไม่ควรหยุดยาประจำเองโดยไม่ถาม",ฐานข้อมูลยา NSC (medicines.csv) — คัดลอกข้อความจากฐานข้อมูล ไม่ได้เพิ่มเติมเอง,สร้างจากฐานข้อมูลยา (template),รอเภสัชกรตรวจ
drug-064-description,ยารายตัว/สรรพคุณ,พรีกาบาลิน (Pregabalin) ใช้รักษาอะไร,พรีกาบาลิน ใช้ทำอะไร | Pregabalin ใช้ทำอะไร | กินพรีกาบาลินเพื่ออะไร,"พรีกาบาลิน (Pregabalin) ใช้สำหรับบรรเทาอาการปวดประสาท (Neuropathic Pain) จากเบาหวานหรืองูสวัด, รักษาโรคฟิโบรมัยอัลเจีย (Fibromyalgia) และใช้ร่วมเพื่อควบคุมอาการชัก (ข้อมูลทั่วไป ควรใช้ตามที่แพทย์หรือเภสัชกรแนะนำ)",ฐานข้อมูลยา NSC (medicines.csv) — คัดลอกข้อความจากฐานข้อมูล ไม่ได้เพิ่มเติมเอง,สร้างจากฐานข้อมูลยา (template),รอเภสัชกรตรวจ
drug-064-usage,ยารายตัว/วิธีใช้,พรีกาบาลิน (Pregabalin) กินยังไง,วิธีใช้ พรีกาบาลิน | วิธีใช้ Pregabalin | พรีกาบาลิน กินตอนไหน,วิธีใช้ตามฐานข้อมูลยา: รับประทานวันละ 2-3 ครั้ง ขนาดเริ่มต้นมักเป็น 75-150 มิลลิกรัมต่อวัน สามารถทานพร้อมอาหารหรือไม่ก็ได้ หากไม่แน่ใจเรื่องขนาดยา ให้ทำตามฉลากยาหรือถามเภสัชกร,ฐานข้อมูลยา NSC (medicines.csv) — คัดลอกข้อความจากฐานข้อมูล ไม่ได้เพิ่มเติมเอง,สร้างจากฐานข้อมูลยา (template),รอเภสัชกรตรวจ
drug-064-precautions,ยารายตัว/ข้อควรระวัง,พรีกาบาลิน (Pregabalin) มีข้อควรระวังอะไรบ้าง,ใครห้ามกิน พรีกาบาลิน | ใครห้ามกิน Pregabalin | พรีกาบาลิน ระวังอะไร,ข้อควรระวังตามฐานข้อมูลยา: ห้ามหยุดยาในทันทีเนื่องจากอาจเกิดอาการถอนยา (เช่น นอนไม่หลับ ปวดศีรษะ วิตกกังวล) ระวังในผู้ป่วยโรคไต (ต้องปรับลดขนาด) และอาจทำให้มีความคิดหรือพฤติกรรมฆ่าตัวตาย (ข้อมูลทั่วไป ควรใช้ตามที่แพทย์หรือเภสัชกรแนะนำ),ฐานข้อมูลยา NSC (medicines.csv) — คัดลอกข้อความจากฐานข้อมูล ไม่ได้เพิ่มเติมเอง,สร้างจากฐานข้อมูลยา (template),รอเภสัชกรตรวจ
drug-064-side_effects,ยารายตัว/ผลข้างเคียง,พรีกาบาลิน (Pregabalin) มีผลข้างเคียงอะไรบ้าง,กิน พรีกาบาลิน แล้วมีอาการอะไรได้บ้าง | กิน Pregabalin แล้วมีอาการอะไรได้บ้าง | พรีกาบาลิน มีผลเสียไหม,"ผลข้างเคียงตามฐานข้อมูลยา: ง่วงซึมอย่างมาก, วิงเวียนศีรษะ, ตาพร่ามัวหรือเห็นภาพซ้อน, ปากแห้ง, น้ำหนักตัวเพิ่มขึ้น, มีอาการบวมส่วนปลาย (Peripheral edema), และสมาธิสั้นลง ถ้ามีอาการรุนแรงหรือกังวล ให้รีบปรึกษาแพทย์หรือเภสัชกร ไม่ควรหยุดยาประจำเองโดยไม่ถาม",ฐานข้อมูลยา NSC (medicines.csv) — คัดลอกข้อความจากฐานข้อมูล ไม่ได้เพิ่มเติมเอง,สร้างจากฐานข้อมูลยา (template),รอเภสัชกรตรวจ
drug-065-description,ยารายตัว/สรรพคุณ,ฟลูออกซิทีน (Fluoxetine) ใช้รักษาอะไร,ฟลูออกซิทีน ใช้ทำอะไร | Fluoxetine ใช้ทำอะไร | กินฟลูออกซิทีนเพื่ออะไร,"ฟลูออกซิทีน (Fluoxetine) ใช้สำหรับรักษาโรคซึมเศร้า (Major Depressive Disorder), โรคย้ำคิดย้ำทำ (OCD), โรคตื่นตระหนก (Panic Disorder) และโรคกินไม่หยุด (Bulimia Nervosa) (ข้อมูลทั่วไป ควรใช้ตามที่แพทย์หรือเภสัชกรแนะนำ)",ฐานข้อมูลยา NSC (medicines.csv) — คัดลอกข้อความจากฐานข้อมูล ไม่ได้เพิ่มเติมเอง,สร้างจากฐานข้อมูลยา (template),รอเภสัชกรตรวจ
drug-065-usage,ยารายตัว/วิธีใช้,ฟลูออกซิทีน (Fluoxetine) กินยังไง,วิธีใช้ ฟลูออกซิทีน | วิธีใช้ Fluoxetine | ฟลูออกซิทีน กินตอนไหน,วิธีใช้ตามฐานข้อมูลยา: รับประทานวันละ 1 ครั้ง ครั้งละ 20 มิลลิกรัม แนะนำให้รับประทานตอนเช้า เพื่อหลีกเลี่ยงอาการนอนไม่หลับ หากไม่แน่ใจเรื่องขนาดยา ให้ทำตามฉลากยาหรือถามเภสัชกร,ฐานข้อมูลยา NSC (medicines.csv) — คัดลอกข้อความจากฐานข้อมูล ไม่ได้เพิ่มเติมเอง,สร้างจากฐานข้อมูลยา (template),รอเภสัชกรตรวจ
drug-065-precautions,ยารายตัว/ข้อควรระวัง,ฟลูออกซิทีน (Fluoxetine) มีข้อควรระวังอะไรบ้าง,ใครห้ามกิน ฟลูออกซิทีน | ใครห้ามกิน Fluoxetine | ฟลูออกซิทีน ระวังอะไร,ข้อควรระวังตามฐานข้อมูลยา: ห้ามใช้ร่วมกับยาในกลุ่ม MAOIs หรือต้องเว้นระยะห่างอย่างน้อย 5 สัปดาห์หลังหยุดยา ระวังภาวะ Serotonin Syndrome และระวังความคิดฆ่าตัวตายเพิ่มสูงขึ้นในช่วงเริ่มยา (โดยเฉพาะในเด็กและวัยรุ่น) (ข้อมูลทั่วไป ควรใช้ตามที่แพทย์หรือเภสัชกรแนะนำ),ฐานข้อมูลยา NSC (medicines.csv) — คัดลอกข้อความจากฐานข้อมูล ไม่ได้เพิ่มเติมเอง,สร้างจากฐานข้อมูลยา (template),รอเภสัชกรตรวจ
drug-065-side_effects,ยารายตัว/ผลข้างเคียง,ฟลูออกซิทีน (Fluoxetine) มีผลข้างเคียงอะไรบ้าง,กิน ฟลูออกซิทีน แล้วมีอาการอะไรได้บ้าง | กิน Fluoxetine แล้วมีอาการอะไรได้บ้าง | ฟลูออกซิทีน มีผลเสียไหม,"ผลข้างเคียงตามฐานข้อมูลยา: นอนไม่หลับ, วิตกกังวล, ปวดศีรษะ, คลื่นไส้, ท้องเสีย, เบื่ออาหารทำให้น้ำหนักลด, อ่อนเพลีย, และสมรรถภาพทางเพศลดลง ถ้ามีอาการรุนแรงหรือกังวล ให้รีบปรึกษาแพทย์หรือเภสัชกร ไม่ควรหยุดยาประจำเองโดยไม่ถาม",ฐานข้อมูลยา NSC (medicines.csv) — คัดลอกข้อความจากฐานข้อมูล ไม่ได้เพิ่มเติมเอง,สร้างจากฐานข้อมูลยา (template),รอเภสัชกรตรวจ
drug-066-description,ยารายตัว/สรรพคุณ,ลอราซีแพม (Lorazepam) ใช้รักษาอะไร,ลอราซีแพม ใช้ทำอะไร | Lorazepam ใช้ทำอะไร | กินลอราซีแพมเพื่ออะไร,"ลอราซีแพม (Lorazepam) ใช้สำหรับบรรเทาภาวะวิตกกังวลอย่างรุนแรงชั่วคราว, ใช้เป็นยาร่วมช่วยให้นอนหลับจากความเครียด และสงบอาการชัก (ข้อมูลทั่วไป ควรใช้ตามที่แพทย์หรือเภสัชกรแนะนำ)",ฐานข้อมูลยา NSC (medicines.csv) — คัดลอกข้อความจากฐานข้อมูล ไม่ได้เพิ่มเติมเอง,สร้างจากฐานข้อมูลยา (template),รอเภสัชกรตรวจ
drug-066-usage,ยารายตัว/วิธีใช้,ลอราซีแพม (Lorazepam) กินยังไง,วิธีใช้ ลอราซีแพม | วิธีใช้ Lorazepam | ลอราซีแพม กินตอนไหน,วิธีใช้ตามฐานข้อมูลยา: รับประทานครั้งละ 0.5-2 มิลลิกรัม วันละ 2-3 ครั้ง สำหรับอาการวิตกกังวล หรือทานครั้งเดียวก่อนนอนเพื่อช่วยนอนหลับ ยานี้จัดเป็นวัตถุออกฤทธิ์ต่อจิตและประสาทประเภท 2 หากไม่แน่ใจเรื่องขนาดยา ให้ทำตามฉลากยาหรือถามเภสัชกร,ฐานข้อมูลยา NSC (medicines.csv) — คัดลอกข้อความจากฐานข้อมูล ไม่ได้เพิ่มเติมเอง,สร้างจากฐานข้อมูลยา (template),รอเภสัชกรตรวจ
drug-066-precautions,ยารายตัว/ข้อควรระวัง,ลอราซีแพม (Lorazepam) มีข้อควรระวังอะไรบ้าง,ใครห้ามกิน ลอราซีแพม | ใครห้ามกิน Lorazepam | ลอราซีแพม ระวังอะไร,ข้อควรระวังตามฐานข้อมูลยา: เสี่ยงต่อการติดยาและการดื้อยาเมื่อใช้ติดต่อกันเกิน 2-4 สัปดาห์ ห้ามดื่มแอลกอหอล์ระหว่างใช้ยาเด็ดขาดเพราะเสริมฤทธิ์กดประสาทส่วนกลางจนหยุดหายใจได้ ห้ามขับขี่ยานพาหนะหรือทำงานกับเครื่องจักร (ข้อมูลทั่วไป ควรใช้ตามที่แพทย์หรือเภสัชกรแนะนำ),ฐานข้อมูลยา NSC (medicines.csv) — คัดลอกข้อความจากฐานข้อมูล ไม่ได้เพิ่มเติมเอง,สร้างจากฐานข้อมูลยา (template),รอเภสัชกรตรวจ
drug-066-side_effects,ยารายตัว/ผลข้างเคียง,ลอราซีแพม (Lorazepam) มีผลข้างเคียงอะไรบ้าง,กิน ลอราซีแพม แล้วมีอาการอะไรได้บ้าง | กิน Lorazepam แล้วมีอาการอะไรได้บ้าง | ลอราซีแพม มีผลเสียไหม,"ผลข้างเคียงตามฐานข้อมูลยา: ง่วงซึมมาก, วิงเวียนศีรษะ, กล้ามเนื้อทำงานไม่ประสานกัน (Ataxia), เดินเซ, หลงลืมระยะสั้น, และสับสนในผู้สูงอายุ ถ้ามีอาการรุนแรงหรือกังวล ให้รีบปรึกษาแพทย์หรือเภสัชกร ไม่ควรหยุดยาประจำเองโดยไม่ถาม",ฐานข้อมูลยา NSC (medicines.csv) — คัดลอกข้อความจากฐานข้อมูล ไม่ได้เพิ่มเติมเอง,สร้างจากฐานข้อมูลยา (template),รอเภสัชกรตรวจ
drug-067-description,ยารายตัว/สรรพคุณ,กลูโคซามีน ซัลเฟต (Glucosamine sulfate) ใช้รักษาอะไร,กลูโคซามีน ซัลเฟต ใช้ทำอะไร | Glucosamine sulfate ใช้ทำอะไร | กินกลูโคซามีน ซัลเฟตเพื่ออะไร,กลูโคซามีน ซัลเฟต (Glucosamine sulfate) ใช้สำหรับบรรเทาอาการปวดและขัดในข้อ ชะลอการเสื่อมของกระดูกอ่อนในโรคข้อเข่าเสื่อม (ข้อมูลทั่วไป ควรใช้ตามที่แพทย์หรือเภสัชกรแนะนำ),ฐานข้อมูลยา NSC (medicines.csv) — คัดลอกข้อความจากฐานข้อมูล ไม่ได้เพิ่มเติมเอง,สร้างจากฐานข้อมูลยา (template),รอเภสัชกรตรวจ
drug-067-usage,ยารายตัว/วิธีใช้,กลูโคซามีน ซัลเฟต (Glucosamine sulfate) กินยังไง,วิธีใช้ กลูโคซามีน ซัลเฟต | วิธีใช้ Glucosamine sulfate | กลูโคซามีน ซัลเฟต กินตอนไหน,"วิธีใช้ตามฐานข้อมูลยา: รับประทานวันละ 1,500 มิลลิกรัม ทานครั้งเดียวหรือแบ่งวันละ 3 ครั้ง แนะนำให้รับประทานพร้อมอาหาร ติดต่อกันอย่างน้อย 4-12 สัปดาห์เพื่อเห็นผล หากไม่แน่ใจเรื่องขนาดยา ให้ทำตามฉลากยาหรือถามเภสัชกร",ฐานข้อมูลยา NSC (medicines.csv) — คัดลอกข้อความจากฐานข้อมูล ไม่ได้เพิ่มเติมเอง,สร้างจากฐานข้อมูลยา (template),รอเภสัชกรตรวจ
drug-067-precautions,ยารายตัว/ข้อควรระวัง,กลูโคซามีน ซัลเฟต (Glucosamine sulfate) มีข้อควรระวังอะไรบ้าง,ใครห้ามกิน กลูโคซามีน ซัลเฟต | ใครห้ามกิน Glucosamine sulfate | กลูโคซามีน ซัลเฟต ระวังอะไร,"ข้อควรระวังตามฐานข้อมูลยา: ระวังการใช้ในผู้ป่วยที่แพ้อาหารทะเลจำพวกสัตว์น้ำมีเปลือก (กุ้ง, กั้ง, ปู) เนื่องจากตัวยาอาจสกัดมาจากเปลือกสัตว์เหล่านี้ ระวังในผู้ป่วยเบาหวานเพราะอาจส่งผลต่อการควบคุมระดับน้ำตาลในเลือด (ข้อมูลทั่วไป ควรใช้ตามที่แพทย์หรือเภสัชกรแนะนำ)",ฐานข้อมูลยา NSC (medicines.csv) — คัดลอกข้อความจากฐานข้อมูล ไม่ได้เพิ่มเติมเอง,สร้างจากฐานข้อมูลยา (template),รอเภสัชกรตรวจ
drug-067-side_effects,ยารายตัว/ผลข้างเคียง,กลูโคซามีน ซัลเฟต (Glucosamine sulfate) มีผลข้างเคียงอะไรบ้าง,กิน กลูโคซามีน ซัลเฟต แล้วมีอาการอะไรได้บ้าง | กิน Glucosamine sulfate แล้วมีอาการอะไรได้บ้าง | กลูโคซามีน ซัลเฟต มีผลเสียไหม,"ผลข้างเคียงตามฐานข้อมูลยา: แสบร้อนกลางอก, ปวดท้อง, ท้องอืด ท้องเฟ้อ, ท้องเสียหรือท้องผูก, ปวดศีรษะ, และมีผื่นคัน ถ้ามีอาการรุนแรงหรือกังวล ให้รีบปรึกษาแพทย์หรือเภสัชกร ไม่ควรหยุดยาประจำเองโดยไม่ถาม",ฐานข้อมูลยา NSC (medicines.csv) — คัดลอกข้อความจากฐานข้อมูล ไม่ได้เพิ่มเติมเอง,สร้างจากฐานข้อมูลยา (template),รอเภสัชกรตรวจ
drug-068-description,ยารายตัว/สรรพคุณ,เมโทคาร์บามอ (Methocarbamol) ใช้รักษาอะไร,เมโทคาร์บามอ ใช้ทำอะไร | Methocarbamol ใช้ทำอะไร | กินเมโทคาร์บามอเพื่ออะไร,เมโทคาร์บามอ (Methocarbamol) ใช้สำหรับบรรเทาอาการปวดเกร็งของกล้ามเนื้อลายในภาวะเฉียบพลัน เช่น ปวดหลังส่วนล่าง คอตกหมอน หรือกล้ามเนื้ออักเสบ (ข้อมูลทั่วไป ควรใช้ตามที่แพทย์หรือเภสัชกรแนะนำ),ฐานข้อมูลยา NSC (medicines.csv) — คัดลอกข้อความจากฐานข้อมูล ไม่ได้เพิ่มเติมเอง,สร้างจากฐานข้อมูลยา (template),รอเภสัชกรตรวจ
drug-068-usage,ยารายตัว/วิธีใช้,เมโทคาร์บามอ (Methocarbamol) กินยังไง,วิธีใช้ เมโทคาร์บามอ | วิธีใช้ Methocarbamol | เมโทคาร์บามอ กินตอนไหน,"วิธีใช้ตามฐานข้อมูลยา: รับประทานครั้งละ 1,500 มิลลิกรัม (3 เม็ดของขนาด 500 มก.) วันละ 4 ครั้ง ในช่วง 2-3 วันแรก จากนั้นลดขนาดลงเหลือวันละ 4 ครั้ง ครั้งละ 1,000 มิลลิกรัม หากไม่แน่ใจเรื่องขนาดยา ให้ทำตามฉลากยาหรือถามเภสัชกร",ฐานข้อมูลยา NSC (medicines.csv) — คัดลอกข้อความจากฐานข้อมูล ไม่ได้เพิ่มเติมเอง,สร้างจากฐานข้อมูลยา (template),รอเภสัชกรตรวจ
drug-068-precautions,ยารายตัว/ข้อควรระวัง,เมโทคาร์บามอ (Methocarbamol) มีข้อควรระวังอะไรบ้าง,ใครห้ามกิน เมโทคาร์บามอ | ใครห้ามกิน Methocarbamol | เมโทคาร์บามอ ระวังอะไร,ข้อควรระวังตามฐานข้อมูลยา: มีฤทธิ์กดประสาทส่วนกลาง ห้ามดื่มแอลกอฮอล์หรือใช้ร่วมกับยากดประสาทชนิดอื่น ห้ามขับรถหรือทำงานเสี่ยงอันตราย ระวังการใช้ในผู้ป่วยโรคตับและโรคไต (ข้อมูลทั่วไป ควรใช้ตามที่แพทย์หรือเภสัชกรแนะนำ),ฐานข้อมูลยา NSC (medicines.csv) — คัดลอกข้อความจากฐานข้อมูล ไม่ได้เพิ่มเติมเอง,สร้างจากฐานข้อมูลยา (template),รอเภสัชกรตรวจ
drug-068-side_effects,ยารายตัว/ผลข้างเคียง,เมโทคาร์บามอ (Methocarbamol) มีผลข้างเคียงอะไรบ้าง,กิน เมโทคาร์บามอ แล้วมีอาการอะไรได้บ้าง | กิน Methocarbamol แล้วมีอาการอะไรได้บ้าง | เมโทคาร์บามอ มีผลเสียไหม,"ผลข้างเคียงตามฐานข้อมูลยา: ง่วงนอน, เวียนศีรษะ, หน้ามืด, คลื่นไส้, ตาพร่า, ปวดศีรษะ, และอาจทำให้ปัสสาวะเปลี่ยนเป็นสีดำ สีเขียว หรือสีน้ำตาล (ไม่มีอันตราย) ถ้ามีอาการรุนแรงหรือกังวล ให้รีบปรึกษาแพทย์หรือเภสัชกร ไม่ควรหยุดยาประจำเองโดยไม่ถาม",ฐานข้อมูลยา NSC (medicines.csv) — คัดลอกข้อความจากฐานข้อมูล ไม่ได้เพิ่มเติมเอง,สร้างจากฐานข้อมูลยา (template),รอเภสัชกรตรวจ
drug-069-description,ยารายตัว/สรรพคุณ,ฟิแนสเทอไรด์ (Finasteride) ใช้รักษาอะไร,ฟิแนสเทอไรด์ ใช้ทำอะไร | Finasteride ใช้ทำอะไร | กินฟิแนสเทอไรด์เพื่ออะไร,ฟิแนสเทอไรด์ (Finasteride) ใช้สำหรับรักษาโรคต่อมลูกหมากโต (BPH) เพื่อลดขนาดต่อมลูกหมาก (ขนาด 5 มก.) หรือใช้รักษาอาการผมร่วงในเพศชาย (ขนาด 1 มก.) (ข้อมูลทั่วไป ควรใช้ตามที่แพทย์หรือเภสัชกรแนะนำ),ฐานข้อมูลยา NSC (medicines.csv) — คัดลอกข้อความจากฐานข้อมูล ไม่ได้เพิ่มเติมเอง,สร้างจากฐานข้อมูลยา (template),รอเภสัชกรตรวจ
drug-069-usage,ยารายตัว/วิธีใช้,ฟิแนสเทอไรด์ (Finasteride) กินยังไง,วิธีใช้ ฟิแนสเทอไรด์ | วิธีใช้ Finasteride | ฟิแนสเทอไรด์ กินตอนไหน,วิธีใช้ตามฐานข้อมูลยา: รับประทานวันละ 1 ครั้ง ครั้งละ 1 มิลลิกรัม หรือ 5 มิลลิกรัม (ตามข้อบ่งใช้) สามารถทานพร้อมอาหารหรือไม่ก็ได้ ต้องทานต่อเนื่องอย่างน้อย 3-6 เดือนจึงจะเห็นผลชัดเจน หากไม่แน่ใจเรื่องขนาดยา ให้ทำตามฉลากยาหรือถามเภสัชกร,ฐานข้อมูลยา NSC (medicines.csv) — คัดลอกข้อความจากฐานข้อมูล ไม่ได้เพิ่มเติมเอง,สร้างจากฐานข้อมูลยา (template),รอเภสัชกรตรวจ
drug-069-precautions,ยารายตัว/ข้อควรระวัง,ฟิแนสเทอไรด์ (Finasteride) มีข้อควรระวังอะไรบ้าง,ใครห้ามกิน ฟิแนสเทอไรด์ | ใครห้ามกิน Finasteride | ฟิแนสเทอไรด์ ระวังอะไร,ข้อควรระวังตามฐานข้อมูลยา: ห้ามใช้ในผู้หญิงและเด็กเด็ดขาด สตรีมีครรภ์หรือวัยเจริญพันธุ์ไม่ควรสัมผัสเม็ดยาที่แตกหรือหัก เพราะยาดูดซึมผ่านผิวหนังและทำให้ทารกเพศชายในครรภ์มีอวัยวะเพศพิการได้ ยานี้มีผลลดค่า PSA ในเลือดลงครึ่งหนึ่ง (ข้อมูลทั่วไป ควรใช้ตามที่แพทย์หรือเภสัชกรแนะนำ),ฐานข้อมูลยา NSC (medicines.csv) — คัดลอกข้อความจากฐานข้อมูล ไม่ได้เพิ่มเติมเอง,สร้างจากฐานข้อมูลยา (template),รอเภสัชกรตรวจ
drug-069-side_effects,ยารายตัว/ผลข้างเคียง,ฟิแนสเทอไรด์ (Finasteride) มีผลข้างเคียงอะไรบ้าง,กิน ฟิแนสเทอไรด์ แล้วมีอาการอะไรได้บ้าง | กิน Finasteride แล้วมีอาการอะไรได้บ้าง | ฟิแนสเทอไรด์ มีผลเสียไหม,"ผลข้างเคียงตามฐานข้อมูลยา: ความต้องการทางเพศลดลง, อวัยวะเพศไม่แข็งตัว, ปริมาณน้ำอสุจิลดลง, หน้าอกขยายใหญ่ขึ้นหรือมีอาการเจ็บเต้านม ถ้ามีอาการรุนแรงหรือกังวล ให้รีบปรึกษาแพทย์หรือเภสัชกร ไม่ควรหยุดยาประจำเองโดยไม่ถาม",ฐานข้อมูลยา NSC (medicines.csv) — คัดลอกข้อความจากฐานข้อมูล ไม่ได้เพิ่มเติมเอง,สร้างจากฐานข้อมูลยา (template),รอเภสัชกรตรวจ
drug-070-description,ยารายตัว/สรรพคุณ,คลาริโธรมัยซิน (Clarithromycin) ใช้รักษาอะไร,คลาริโธรมัยซิน ใช้ทำอะไร | Clarithromycin ใช้ทำอะไร | กินคลาริโธรมัยซินเพื่ออะไร,"คลาริโธรมัยซิน (Clarithromycin) ใช้สำหรับรักษาโรคติดเชื้อแบคทีเรียในระบบทางเดินหายใจ, ผิวหนัง และใช้ร่วมในสูตรยาเพื่อกำจัดเชื้อ H. pylori ในกระเพาะอาหาร (ข้อมูลทั่วไป ควรใช้ตามที่แพทย์หรือเภสัชกรแนะนำ)",ฐานข้อมูลยา NSC (medicines.csv) — คัดลอกข้อความจากฐานข้อมูล ไม่ได้เพิ่มเติมเอง,สร้างจากฐานข้อมูลยา (template),รอเภสัชกรตรวจ
drug-070-usage,ยารายตัว/วิธีใช้,คลาริโธรมัยซิน (Clarithromycin) กินยังไง,วิธีใช้ คลาริโธรมัยซิน | วิธีใช้ Clarithromycin | คลาริโธรมัยซิน กินตอนไหน,วิธีใช้ตามฐานข้อมูลยา: รับประทานครั้งละ 250-500 มิลลิกรัม วันละ 2 ครั้ง (ทุก 12 ชั่วโมง) ติดต่อกัน 7-14 วัน สามารถทานพร้อมอาหารหรือไม่ก็ได้ (แต่การทานพร้อมอาหารช่วยลดการระคายเคืองกระเพาะได้) หากไม่แน่ใจเรื่องขนาดยา ให้ทำตามฉลากยาหรือถามเภสัชกร,ฐานข้อมูลยา NSC (medicines.csv) — คัดลอกข้อความจากฐานข้อมูล ไม่ได้เพิ่มเติมเอง,สร้างจากฐานข้อมูลยา (template),รอเภสัชกรตรวจ
drug-070-precautions,ยารายตัว/ข้อควรระวัง,คลาริโธรมัยซิน (Clarithromycin) มีข้อควรระวังอะไรบ้าง,ใครห้ามกิน คลาริโธรมัยซิน | ใครห้ามกิน Clarithromycin | คลาริโธรมัยซิน ระวังอะไร,"ข้อควรระวังตามฐานข้อมูลยา: ห้ามใช้ร่วมกับยา Simvastatin, Atorvastatin (เสี่ยงกล้ามเนื้อสลายรุนแรง) และห้ามใช้ร่วมกับยา Colchicine ในผู้ป่วยโรคไต ระวังในผู้ป่วยที่มีภาวะ QT prolongation (ข้อมูลทั่วไป ควรใช้ตามที่แพทย์หรือเภสัชกรแนะนำ)",ฐานข้อมูลยา NSC (medicines.csv) — คัดลอกข้อความจากฐานข้อมูล ไม่ได้เพิ่มเติมเอง,สร้างจากฐานข้อมูลยา (template),รอเภสัชกรตรวจ
drug-070-side_effects,ยารายตัว/ผลข้างเคียง,คลาริโธรมัยซิน (Clarithromycin) มีผลข้างเคียงอะไรบ้าง,กิน คลาริโธรมัยซิน แล้วมีอาการอะไรได้บ้าง | กิน Clarithromycin แล้วมีอาการอะไรได้บ้าง | คลาริโธรมัยซิน มีผลเสียไหม,"ผลข้างเคียงตามฐานข้อมูลยา: การรับรสผิดปกติ (รู้สึกขมในปาก/รสโลหะ), ท้องเสีย, คลื่นไส้, อาเจียน, ปวดท้อง, ปวดศีรษะ, และเอนไซม์ตับเพิ่มสูงขึ้น ถ้ามีอาการรุนแรงหรือกังวล ให้รีบปรึกษาแพทย์หรือเภสัชกร ไม่ควรหยุดยาประจำเองโดยไม่ถาม",ฐานข้อมูลยา NSC (medicines.csv) — คัดลอกข้อความจากฐานข้อมูล ไม่ได้เพิ่มเติมเอง,สร้างจากฐานข้อมูลยา (template),รอเภสัชกรตรวจ
drug-071-description,ยารายตัว/สรรพคุณ,สไปโรโนแลคโตน (Spironolactone) ใช้รักษาอะไร,สไปโรโนแลคโตน ใช้ทำอะไร | Spironolactone ใช้ทำอะไร | กินสไปโรโนแลคโตนเพื่ออะไร,สไปโรโนแลคโตน (Spironolactone) ใช้สำหรับรักษาภาวะบวมน้ำจากโรคหัวใจล้มเหลว โรคตับแข็ง หรือโรคไต และใช้รักษาความดันโลหิตสูง รวมถึงภาวะฮอร์โมนแอลโดสเตอโรนสูง (ข้อมูลทั่วไป ควรใช้ตามที่แพทย์หรือเภสัชกรแนะนำ),ฐานข้อมูลยา NSC (medicines.csv) — คัดลอกข้อความจากฐานข้อมูล ไม่ได้เพิ่มเติมเอง,สร้างจากฐานข้อมูลยา (template),รอเภสัชกรตรวจ
drug-071-usage,ยารายตัว/วิธีใช้,สไปโรโนแลคโตน (Spironolactone) กินยังไง,วิธีใช้ สไปโรโนแลคโตน | วิธีใช้ Spironolactone | สไปโรโนแลคโตน กินตอนไหน,วิธีใช้ตามฐานข้อมูลยา: รับประทานวันละ 1 ครั้ง หรือแบ่งวันละ 2 ครั้ง แนะนำให้รับประทานพร้อมอาหาร เพื่อเพิ่มการดูดซึมและลดอาการระคายเคืองทางเดินอาหาร หากไม่แน่ใจเรื่องขนาดยา ให้ทำตามฉลากยาหรือถามเภสัชกร,ฐานข้อมูลยา NSC (medicines.csv) — คัดลอกข้อความจากฐานข้อมูล ไม่ได้เพิ่มเติมเอง,สร้างจากฐานข้อมูลยา (template),รอเภสัชกรตรวจ
drug-071-precautions,ยารายตัว/ข้อควรระวัง,สไปโรโนแลคโตน (Spironolactone) มีข้อควรระวังอะไรบ้าง,ใครห้ามกิน สไปโรโนแลคโตน | ใครห้ามกิน Spironolactone | สไปโรโนแลคโตน ระวังอะไร,"ข้อควรระวังตามฐานข้อมูลยา: ห้ามใช้ในผู้ป่วยที่มีภาวะไตวายเฉียบพลันหรือโรคไตระยะรุนแรง, ภาวะอนูเรีย (ปัสสาวะไม่ออก) และผู้ที่มีภาวะโพแทสเซียมในเลือดสูง (Hyperkalemia) หลีกเลี่ยงการทานอาหารที่มีโพแทสเซียมสูง (ข้อมูลทั่วไป ควรใช้ตามที่แพทย์หรือเภสัชกรแนะนำ)",ฐานข้อมูลยา NSC (medicines.csv) — คัดลอกข้อความจากฐานข้อมูล ไม่ได้เพิ่มเติมเอง,สร้างจากฐานข้อมูลยา (template),รอเภสัชกรตรวจ
drug-071-side_effects,ยารายตัว/ผลข้างเคียง,สไปโรโนแลคโตน (Spironolactone) มีผลข้างเคียงอะไรบ้าง,กิน สไปโรโนแลคโตน แล้วมีอาการอะไรได้บ้าง | กิน Spironolactone แล้วมีอาการอะไรได้บ้าง | สไปโรโนแลคโตน มีผลเสียไหม,"ผลข้างเคียงตามฐานข้อมูลยา: โพแทสเซียมในเลือดสูง, คัดตึงหน้าอกหรือเต้านมโตในเพศชาย (Gynecomastia), ประจำเดือนมาไม่สม่ำเสมอ, ขาเป็นตะคริว, และวิงเวียนศีรษะ ถ้ามีอาการรุนแรงหรือกังวล ให้รีบปรึกษาแพทย์หรือเภสัชกร ไม่ควรหยุดยาประจำเองโดยไม่ถาม",ฐานข้อมูลยา NSC (medicines.csv) — คัดลอกข้อความจากฐานข้อมูล ไม่ได้เพิ่มเติมเอง,สร้างจากฐานข้อมูลยา (template),รอเภสัชกรตรวจ
drug-072-description,ยารายตัว/สรรพคุณ,ลีโวฟล็อกซาซิน (Levofloxacin) ใช้รักษาอะไร,ลีโวฟล็อกซาซิน ใช้ทำอะไร | Levofloxacin ใช้ทำอะไร | กินลีโวฟล็อกซาซินเพื่ออะไร,"ลีโวฟล็อกซาซิน (Levofloxacin) ใช้สำหรับรักษาโรคติดเชื้อแบคทีเรียรุนแรง เช่น ปอดบวม, ไซนัสอักเสบเฉียบพลัน, ทางเดินปัสสาวะอักเสบซับซ้อน และการติดเชื้อที่ผิวหนัง (ข้อมูลทั่วไป ควรใช้ตามที่แพทย์หรือเภสัชกรแนะนำ)",ฐานข้อมูลยา NSC (medicines.csv) — คัดลอกข้อความจากฐานข้อมูล ไม่ได้เพิ่มเติมเอง,สร้างจากฐานข้อมูลยา (template),รอเภสัชกรตรวจ
drug-072-usage,ยารายตัว/วิธีใช้,ลีโวฟล็อกซาซิน (Levofloxacin) กินยังไง,วิธีใช้ ลีโวฟล็อกซาซิน | วิธีใช้ Levofloxacin | ลีโวฟล็อกซาซิน กินตอนไหน,"วิธีใช้ตามฐานข้อมูลยา: รับประทานวันละ 1 ครั้ง ครั้งละ 250, 500 หรือ 750 มิลลิกรัม (ขึ้นกับชนิดของโรค) ดื่มน้ำตามมากๆ ห้ามรับประทานร่วมกับยาลดกรด นม หรือยาบำรุงที่มีแร่ธาตุเหล็ก/สังกะสีภายใน 2 ชั่วโมง หากไม่แน่ใจเรื่องขนาดยา ให้ทำตามฉลากยาหรือถามเภสัชกร",ฐานข้อมูลยา NSC (medicines.csv) — คัดลอกข้อความจากฐานข้อมูล ไม่ได้เพิ่มเติมเอง,สร้างจากฐานข้อมูลยา (template),รอเภสัชกรตรวจ
drug-072-precautions,ยารายตัว/ข้อควรระวัง,ลีโวฟล็อกซาซิน (Levofloxacin) มีข้อควรระวังอะไรบ้าง,ใครห้ามกิน ลีโวฟล็อกซาซิน | ใครห้ามกิน Levofloxacin | ลีโวฟล็อกซาซิน ระวังอะไร,ข้อควรระวังตามฐานข้อมูลยา: เสี่ยงต่อการเกิดเส้นเอ็นอักเสบและเส้นเอ็นร้อยหวายฉีกขาด (Tendon rupture) ห้ามใช้ในผู้ป่วยโรคกล้ามเนื้ออ่อนแรง (Myasthenia Gravis) ระวังระดับน้ำตาลในเลือดผันผวน และอาการทางระบบประสาท เช่น ชัก (ข้อมูลทั่วไป ควรใช้ตามที่แพทย์หรือเภสัชกรแนะนำ),ฐานข้อมูลยา NSC (medicines.csv) — คัดลอกข้อความจากฐานข้อมูล ไม่ได้เพิ่มเติมเอง,สร้างจากฐานข้อมูลยา (template),รอเภสัชกรตรวจ
drug-072-side_effects,ยารายตัว/ผลข้างเคียง,ลีโวฟล็อกซาซิน (Levofloxacin) มีผลข้างเคียงอะไรบ้าง,กิน ลีโวฟล็อกซาซิน แล้วมีอาการอะไรได้บ้าง | กิน Levofloxacin แล้วมีอาการอะไรได้บ้าง | ลีโวฟล็อกซาซิน มีผลเสียไหม,"ผลข้างเคียงตามฐานข้อมูลยา: คลื่นไส้, ท้องเสีย, ปวดศีรษะ, นอนไม่หลับ, วิงเวียนศีรษะ, ผิวหนังไวต่อแสงแดด (Photosensitivity), และปวดข้อ/ปวดกล้ามเนื้อ ถ้ามีอาการรุนแรงหรือกังวล ให้รีบปรึกษาแพทย์หรือเภสัชกร ไม่ควรหยุดยาประจำเองโดยไม่ถาม",ฐานข้อมูลยา NSC (medicines.csv) — คัดลอกข้อความจากฐานข้อมูล ไม่ได้เพิ่มเติมเอง,สร้างจากฐานข้อมูลยา (template),รอเภสัชกรตรวจ
drug-073-description,ยารายตัว/สรรพคุณ,เมโทโคลพราไมด์ (Metoclopramide) ใช้รักษาอะไร,เมโทโคลพราไมด์ ใช้ทำอะไร | Metoclopramide ใช้ทำอะไร | กินเมโทโคลพราไมด์เพื่ออะไร,เมโทโคลพราไมด์ (Metoclopramide) ใช้สำหรับรักษาอาการคลื่นไส้ อาเจียน และช่วยกระตุ้นการเคลื่อนไหวของกระเพาะอาหาร (ข้อมูลทั่วไป ควรใช้ตามที่แพทย์หรือเภสัชกรแนะนำ),ฐานข้อมูลยา NSC (medicines.csv) — คัดลอกข้อความจากฐานข้อมูล ไม่ได้เพิ่มเติมเอง,สร้างจากฐานข้อมูลยา (template),รอเภสัชกรตรวจ
drug-073-usage,ยารายตัว/วิธีใช้,เมโทโคลพราไมด์ (Metoclopramide) กินยังไง,วิธีใช้ เมโทโคลพราไมด์ | วิธีใช้ Metoclopramide | เมโทโคลพราไมด์ กินตอนไหน,วิธีใช้ตามฐานข้อมูลยา: รับประทานก่อนอาหารประมาณ 30 นาที วันละ 3-4 ครั้ง หรือตามแพทย์สั่ง หากไม่แน่ใจเรื่องขนาดยา ให้ทำตามฉลากยาหรือถามเภสัชกร,ฐานข้อมูลยา NSC (medicines.csv) — คัดลอกข้อความจากฐานข้อมูล ไม่ได้เพิ่มเติมเอง,สร้างจากฐานข้อมูลยา (template),รอเภสัชกรตรวจ
drug-073-precautions,ยารายตัว/ข้อควรระวัง,เมโทโคลพราไมด์ (Metoclopramide) มีข้อควรระวังอะไรบ้าง,ใครห้ามกิน เมโทโคลพราไมด์ | ใครห้ามกิน Metoclopramide | เมโทโคลพราไมด์ ระวังอะไร,ข้อควรระวังตามฐานข้อมูลยา: อาจทำให้ง่วงนอน ไม่ควรใช้ติดต่อกันเป็นเวลานานโดยไม่ปรึกษาแพทย์ ระวังการใช้ในผู้ป่วยโรคลมชักและผู้ป่วยพาร์กินสัน (ข้อมูลทั่วไป ควรใช้ตามที่แพทย์หรือเภสัชกรแนะนำ),ฐานข้อมูลยา NSC (medicines.csv) — คัดลอกข้อความจากฐานข้อมูล ไม่ได้เพิ่มเติมเอง,สร้างจากฐานข้อมูลยา (template),รอเภสัชกรตรวจ
drug-073-side_effects,ยารายตัว/ผลข้างเคียง,เมโทโคลพราไมด์ (Metoclopramide) มีผลข้างเคียงอะไรบ้าง,กิน เมโทโคลพราไมด์ แล้วมีอาการอะไรได้บ้าง | กิน Metoclopramide แล้วมีอาการอะไรได้บ้าง | เมโทโคลพราไมด์ มีผลเสียไหม,ผลข้างเคียงตามฐานข้อมูลยา: ง่วงนอน เวียนศีรษะ กระสับกระส่าย ปากแห้ง ท้องเสีย ถ้ามีอาการรุนแรงหรือกังวล ให้รีบปรึกษาแพทย์หรือเภสัชกร ไม่ควรหยุดยาประจำเองโดยไม่ถาม,ฐานข้อมูลยา NSC (medicines.csv) — คัดลอกข้อความจากฐานข้อมูล ไม่ได้เพิ่มเติมเอง,สร้างจากฐานข้อมูลยา (template),รอเภสัชกรตรวจ
drug-074-description,ยารายตัว/สรรพคุณ,ไฮโดรคอร์ติโซน (Hydrocortisone) ใช้รักษาอะไร,ไฮโดรคอร์ติโซน ใช้ทำอะไร | Hydrocortisone ใช้ทำอะไร | กินไฮโดรคอร์ติโซนเพื่ออะไร,ไฮโดรคอร์ติโซน (Hydrocortisone) ใช้สำหรับรักษาอาการอักเสบ ผื่นแพ้ คัน และโรคผิวหนังบางชนิด (ข้อมูลทั่วไป ควรใช้ตามที่แพทย์หรือเภสัชกรแนะนำ),ฐานข้อมูลยา NSC (medicines.csv) — คัดลอกข้อความจากฐานข้อมูล ไม่ได้เพิ่มเติมเอง,สร้างจากฐานข้อมูลยา (template),รอเภสัชกรตรวจ
drug-074-usage,ยารายตัว/วิธีใช้,ไฮโดรคอร์ติโซน (Hydrocortisone) กินยังไง,วิธีใช้ ไฮโดรคอร์ติโซน | วิธีใช้ Hydrocortisone | ไฮโดรคอร์ติโซน กินตอนไหน,วิธีใช้ตามฐานข้อมูลยา: ทาบาง ๆ บริเวณที่มีอาการ วันละ 2-3 ครั้ง หรือตามแพทย์สั่ง หากไม่แน่ใจเรื่องขนาดยา ให้ทำตามฉลากยาหรือถามเภสัชกร,ฐานข้อมูลยา NSC (medicines.csv) — คัดลอกข้อความจากฐานข้อมูล ไม่ได้เพิ่มเติมเอง,สร้างจากฐานข้อมูลยา (template),รอเภสัชกรตรวจ
drug-074-precautions,ยารายตัว/ข้อควรระวัง,ไฮโดรคอร์ติโซน (Hydrocortisone) มีข้อควรระวังอะไรบ้าง,ใครห้ามกิน ไฮโดรคอร์ติโซน | ใครห้ามกิน Hydrocortisone | ไฮโดรคอร์ติโซน ระวังอะไร,ข้อควรระวังตามฐานข้อมูลยา: ไม่ควรใช้ติดต่อกันเป็นเวลานาน ไม่ควรใช้กับแผลเปิดหรือบริเวณที่ติดเชื้อโดยไม่ปรึกษาแพทย์ (ข้อมูลทั่วไป ควรใช้ตามที่แพทย์หรือเภสัชกรแนะนำ),ฐานข้อมูลยา NSC (medicines.csv) — คัดลอกข้อความจากฐานข้อมูล ไม่ได้เพิ่มเติมเอง,สร้างจากฐานข้อมูลยา (template),รอเภสัชกรตรวจ
drug-074-side_effects,ยารายตัว/ผลข้างเคียง,ไฮโดรคอร์ติโซน (Hydrocortisone) มีผลข้างเคียงอะไรบ้าง,กิน ไฮโดรคอร์ติโซน แล้วมีอาการอะไรได้บ้าง | กิน Hydrocortisone แล้วมีอาการอะไรได้บ้าง | ไฮโดรคอร์ติโซน มีผลเสียไหม,ผลข้างเคียงตามฐานข้อมูลยา: ผิวหนังบาง แสบ คัน ระคายเคือง สีผิวเปลี่ยนเมื่อใช้เป็นเวลานาน ถ้ามีอาการรุนแรงหรือกังวล ให้รีบปรึกษาแพทย์หรือเภสัชกร ไม่ควรหยุดยาประจำเองโดยไม่ถาม,ฐานข้อมูลยา NSC (medicines.csv) — คัดลอกข้อความจากฐานข้อมูล ไม่ได้เพิ่มเติมเอง,สร้างจากฐานข้อมูลยา (template),รอเภสัชกรตรวจ
drug-075-description,ยารายตัว/สรรพคุณ,โคลนาซีแพม (Clonazepam) ใช้รักษาอะไร,โคลนาซีแพม ใช้ทำอะไร | Clonazepam ใช้ทำอะไร | กินโคลนาซีแพมเพื่ออะไร,โคลนาซีแพม (Clonazepam) ใช้สำหรับควบคุมอาการชัก (โรคลมบ้าหมู) และรักษาโรคตื่นตระหนกเฉียบพลัน (Panic Disorder) (ข้อมูลทั่วไป ควรใช้ตามที่แพทย์หรือเภสัชกรแนะนำ),ฐานข้อมูลยา NSC (medicines.csv) — คัดลอกข้อความจากฐานข้อมูล ไม่ได้เพิ่มเติมเอง,สร้างจากฐานข้อมูลยา (template),รอเภสัชกรตรวจ
drug-075-usage,ยารายตัว/วิธีใช้,โคลนาซีแพม (Clonazepam) กินยังไง,วิธีใช้ โคลนาซีแพม | วิธีใช้ Clonazepam | โคลนาซีแพม กินตอนไหน,วิธีใช้ตามฐานข้อมูลยา: รับประทานตามแพทย์สั่งอย่างเคร่งครัด (มักเริ่มจากขนาดต่ำและแบ่งทานวันละ 2-3 ครั้ง) จัดเป็นวัตถุออกฤทธิ์ต่อจิตและประสาทประเภท 2 หากไม่แน่ใจเรื่องขนาดยา ให้ทำตามฉลากยาหรือถามเภสัชกร,ฐานข้อมูลยา NSC (medicines.csv) — คัดลอกข้อความจากฐานข้อมูล ไม่ได้เพิ่มเติมเอง,สร้างจากฐานข้อมูลยา (template),รอเภสัชกรตรวจ
drug-075-precautions,ยารายตัว/ข้อควรระวัง,โคลนาซีแพม (Clonazepam) มีข้อควรระวังอะไรบ้าง,ใครห้ามกิน โคลนาซีแพม | ใครห้ามกิน Clonazepam | โคลนาซีแพม ระวังอะไร,ข้อควรระวังตามฐานข้อมูลยา: มีโอกาสเกิดการดื้อยาและติดยาได้สูงมากหากใช้ระยะยาว ห้ามหยุดยากะทันหันเพราะอาจกระตุ้นให้เกิดอาการชักต่อเนื่องไม่หยุด (Status epilepticus) ห้ามขับรถและห้ามดื่มแอลกอฮอล์ (ข้อมูลทั่วไป ควรใช้ตามที่แพทย์หรือเภสัชกรแนะนำ),ฐานข้อมูลยา NSC (medicines.csv) — คัดลอกข้อความจากฐานข้อมูล ไม่ได้เพิ่มเติมเอง,สร้างจากฐานข้อมูลยา (template),รอเภสัชกรตรวจ
drug-075-side_effects,ยารายตัว/ผลข้างเคียง,โคลนาซีแพม (Clonazepam) มีผลข้างเคียงอะไรบ้าง,กิน โคลนาซีแพม แล้วมีอาการอะไรได้บ้าง | กิน Clonazepam แล้วมีอาการอะไรได้บ้าง | โคลนาซีแพม มีผลเสียไหม,"ผลข้างเคียงตามฐานข้อมูลยา: ง่วงนอนมาก, อ่อนเพลีย, กล้ามเนื้ออ่อนแรง, ทรงตัวลำบาก, เดินเซ, สับสน, ซึมเศร้า, และความจำระยะสั้นเสื่อมลง ถ้ามีอาการรุนแรงหรือกังวล ให้รีบปรึกษาแพทย์หรือเภสัชกร ไม่ควรหยุดยาประจำเองโดยไม่ถาม",ฐานข้อมูลยา NSC (medicines.csv) — คัดลอกข้อความจากฐานข้อมูล ไม่ได้เพิ่มเติมเอง,สร้างจากฐานข้อมูลยา (template),รอเภสัชกรตรวจ
drug-076-description,ยารายตัว/สรรพคุณ,อิทราโคนาโซล (Itraconazol) ใช้รักษาอะไร,อิทราโคนาโซล ใช้ทำอะไร | Itraconazol ใช้ทำอะไร | กินอิทราโคนาโซลเพื่ออะไร,อิทราโคนาโซล (Itraconazol) ใช้สำหรับรักษาโรคติดเชื้อราในระบบอวัยวะภายใน และโรคเชื้อราที่ผิวหนังหรือเล็บที่ใช้ยาเฉพาะที่ไม่ได้ผล (ข้อมูลทั่วไป ควรใช้ตามที่แพทย์หรือเภสัชกรแนะนำ),ฐานข้อมูลยา NSC (medicines.csv) — คัดลอกข้อความจากฐานข้อมูล ไม่ได้เพิ่มเติมเอง,สร้างจากฐานข้อมูลยา (template),รอเภสัชกรตรวจ
drug-076-usage,ยารายตัว/วิธีใช้,อิทราโคนาโซล (Itraconazol) กินยังไง,วิธีใช้ อิทราโคนาโซล | วิธีใช้ Itraconazol | อิทราโคนาโซล กินตอนไหน,วิธีใช้ตามฐานข้อมูลยา: รับประทานวันละ 1-2 ครั้ง (ขึ้นกับข้อบ่งใช้) ต้องรับประทานทันทีหลังอาหารมื้อหลัก เพื่อให้กรดในกระเพาะช่วยในการดูดซึมยาได้ดีที่สุด หากไม่แน่ใจเรื่องขนาดยา ให้ทำตามฉลากยาหรือถามเภสัชกร,ฐานข้อมูลยา NSC (medicines.csv) — คัดลอกข้อความจากฐานข้อมูล ไม่ได้เพิ่มเติมเอง,สร้างจากฐานข้อมูลยา (template),รอเภสัชกรตรวจ
drug-076-precautions,ยารายตัว/ข้อควรระวัง,อิทราโคนาโซล (Itraconazol) มีข้อควรระวังอะไรบ้าง,ใครห้ามกิน อิทราโคนาโซล | ใครห้ามกิน Itraconazol | อิทราโคนาโซล ระวังอะไร,ข้อควรระวังตามฐานข้อมูลยา: ห้ามใช้ในผู้ป่วยที่มีภาวะหัวใจล้มเหลว (Congestive Heart Failure) ระวังการเกิดพิษต่อตับอย่างรุนแรง (ต้องตรวจค่าตับหากใช้ระยะยาว) และมีปฏิกิริยากับยาอื่นสูงมาก (Drug interactions) (ข้อมูลทั่วไป ควรใช้ตามที่แพทย์หรือเภสัชกรแนะนำ),ฐานข้อมูลยา NSC (medicines.csv) — คัดลอกข้อความจากฐานข้อมูล ไม่ได้เพิ่มเติมเอง,สร้างจากฐานข้อมูลยา (template),รอเภสัชกรตรวจ
drug-076-side_effects,ยารายตัว/ผลข้างเคียง,อิทราโคนาโซล (Itraconazol) มีผลข้างเคียงอะไรบ้าง,กิน อิทราโคนาโซล แล้วมีอาการอะไรได้บ้าง | กิน Itraconazol แล้วมีอาการอะไรได้บ้าง | อิทราโคนาโซล มีผลเสียไหม,"ผลข้างเคียงตามฐานข้อมูลยา: คลื่นไส้, อาเจียน, ปวดท้อง, ท้องเสีย, ปวดศีรษะ, เวียนศีรษะ, ผื่นคัน, บวมน้ำ, และตับอักเสบ ถ้ามีอาการรุนแรงหรือกังวล ให้รีบปรึกษาแพทย์หรือเภสัชกร ไม่ควรหยุดยาประจำเองโดยไม่ถาม",ฐานข้อมูลยา NSC (medicines.csv) — คัดลอกข้อความจากฐานข้อมูล ไม่ได้เพิ่มเติมเอง,สร้างจากฐานข้อมูลยา (template),รอเภสัชกรตรวจ
drug-077-description,ยารายตัว/สรรพคุณ,ไฮดรอกซิซีน (Hydroxyzine) ใช้รักษาอะไร,ไฮดรอกซิซีน ใช้ทำอะไร | Hydroxyzine ใช้ทำอะไร | กินไฮดรอกซิซีนเพื่ออะไร,ไฮดรอกซิซีน (Hydroxyzine) ใช้สำหรับบรรเทาอาการคันจากผื่นแพ้ผิวหนัง ลมพิษ และใช้ลดความวิตกกังวล ช่วยให้นอนหลับก่อนการผ่าตัด (ข้อมูลทั่วไป ควรใช้ตามที่แพทย์หรือเภสัชกรแนะนำ),ฐานข้อมูลยา NSC (medicines.csv) — คัดลอกข้อความจากฐานข้อมูล ไม่ได้เพิ่มเติมเอง,สร้างจากฐานข้อมูลยา (template),รอเภสัชกรตรวจ
drug-077-usage,ยารายตัว/วิธีใช้,ไฮดรอกซิซีน (Hydroxyzine) กินยังไง,วิธีใช้ ไฮดรอกซิซีน | วิธีใช้ Hydroxyzine | ไฮดรอกซิซีน กินตอนไหน,วิธีใช้ตามฐานข้อมูลยา: รับประทานครั้งละ 10-25 มิลลิกรัม วันละ 3-4 ครั้ง สำหรับอาการผื่นคัน หรือรับประทาน 25-50 มิลลิกรัมก่อนนอนเพื่อช่วยนอนหลับ สามารถทานพร้อมอาหารหรือไม่ก็ได้ หากไม่แน่ใจเรื่องขนาดยา ให้ทำตามฉลากยาหรือถามเภสัชกร,ฐานข้อมูลยา NSC (medicines.csv) — คัดลอกข้อความจากฐานข้อมูล ไม่ได้เพิ่มเติมเอง,สร้างจากฐานข้อมูลยา (template),รอเภสัชกรตรวจ
drug-077-precautions,ยารายตัว/ข้อควรระวัง,ไฮดรอกซิซีน (Hydroxyzine) มีข้อควรระวังอะไรบ้าง,ใครห้ามกิน ไฮดรอกซิซีน | ใครห้ามกิน Hydroxyzine | ไฮดรอกซิซีน ระวังอะไร,ข้อควรระวังตามฐานข้อมูลยา: ยานี้ทำให้ง่วงซึมรุนแรง ห้ามขับขี่ยานพาหนะ หลีกเลี่ยงการใช้ในผู้สูงอายุเพราะเสี่ยงต่อการพลัดตกหกล้มและตาพร่า/ปัสสาวะคั่ง ห้ามใช้ร่วมกับแอลกอฮอล์ ระวังภาวะ QT prolongation (ข้อมูลทั่วไป ควรใช้ตามที่แพทย์หรือเภสัชกรแนะนำ),ฐานข้อมูลยา NSC (medicines.csv) — คัดลอกข้อความจากฐานข้อมูล ไม่ได้เพิ่มเติมเอง,สร้างจากฐานข้อมูลยา (template),รอเภสัชกรตรวจ
drug-077-side_effects,ยารายตัว/ผลข้างเคียง,ไฮดรอกซิซีน (Hydroxyzine) มีผลข้างเคียงอะไรบ้าง,กิน ไฮดรอกซิซีน แล้วมีอาการอะไรได้บ้าง | กิน Hydroxyzine แล้วมีอาการอะไรได้บ้าง | ไฮดรอกซิซีน มีผลเสียไหม,"ผลข้างเคียงตามฐานข้อมูลยา: ง่วงซึมมาก, ปากแห้ง คอแห้ง, ตาพร่ามัว, ท้องผูก, ปัสสาวะขัด, มึนงง ปวดศีรษะ, และในเด็กเล็กอาจเกิดอาการกระสับกระส่ายสับสนแทน ถ้ามีอาการรุนแรงหรือกังวล ให้รีบปรึกษาแพทย์หรือเภสัชกร ไม่ควรหยุดยาประจำเองโดยไม่ถาม",ฐานข้อมูลยา NSC (medicines.csv) — คัดลอกข้อความจากฐานข้อมูล ไม่ได้เพิ่มเติมเอง,สร้างจากฐานข้อมูลยา (template),รอเภสัชกรตรวจ
drug-078-description,ยารายตัว/สรรพคุณ,โพรพราโนลอล (Propranolol) ใช้รักษาอะไร,โพรพราโนลอล ใช้ทำอะไร | Propranolol ใช้ทำอะไร | กินโพรพราโนลอลเพื่ออะไร,"โพรพราโนลอล (Propranolol) ใช้สำหรับรักษาความดันโลหิตสูง, อาการเจ็บหน้าอก (Angina pectoris), หัวใจเต้นผิดจังหวะ, ป้องกันโรคไมเกรน และลดอาการสั่น/ใจสั่นจากความวิตกกังวลหรือไทรอยด์เป็นพิษ (ข้อมูลทั่วไป ควรใช้ตามที่แพทย์หรือเภสัชกรแนะนำ)",ฐานข้อมูลยา NSC (medicines.csv) — คัดลอกข้อความจากฐานข้อมูล ไม่ได้เพิ่มเติมเอง,สร้างจากฐานข้อมูลยา (template),รอเภสัชกรตรวจ
drug-078-usage,ยารายตัว/วิธีใช้,โพรพราโนลอล (Propranolol) กินยังไง,วิธีใช้ โพรพราโนลอล | วิธีใช้ Propranolol | โพรพราโนลอล กินตอนไหน,วิธีใช้ตามฐานข้อมูลยา: รับประทานวันละ 2-4 ครั้ง (ขึ้นอยู่กับโรคและขนาดยาที่แพทย์กำหนด) ควรรับประทานก่อนอาหารหรือพร้อมอาหาร และทานเวลาเดียวกันทุกวัน หากไม่แน่ใจเรื่องขนาดยา ให้ทำตามฉลากยาหรือถามเภสัชกร,ฐานข้อมูลยา NSC (medicines.csv) — คัดลอกข้อความจากฐานข้อมูล ไม่ได้เพิ่มเติมเอง,สร้างจากฐานข้อมูลยา (template),รอเภสัชกรตรวจ
drug-078-precautions,ยารายตัว/ข้อควรระวัง,โพรพราโนลอล (Propranolol) มีข้อควรระวังอะไรบ้าง,ใครห้ามกิน โพรพราโนลอล | ใครห้ามกิน Propranolol | โพรพราโนลอล ระวังอะไร,ข้อควรระวังตามฐานข้อมูลยา: ห้ามใช้ในผู้ป่วยโรคหืด (Asthma) หรือหลอดลมหดเกร็งเด็ดขาด เนื่องจากยาจะไปปิดกั้นหลอดลมทำให้หายใจไม่ออกรุนแรง ห้ามใช้ในผู้ป่วยหัวใจเต้นช้า และห้ามหยุดยากะทันหัน (ข้อมูลทั่วไป ควรใช้ตามที่แพทย์หรือเภสัชกรแนะนำ),ฐานข้อมูลยา NSC (medicines.csv) — คัดลอกข้อความจากฐานข้อมูล ไม่ได้เพิ่มเติมเอง,สร้างจากฐานข้อมูลยา (template),รอเภสัชกรตรวจ
drug-078-side_effects,ยารายตัว/ผลข้างเคียง,โพรพราโนลอล (Propranolol) มีผลข้างเคียงอะไรบ้าง,กิน โพรพราโนลอล แล้วมีอาการอะไรได้บ้าง | กิน Propranolol แล้วมีอาการอะไรได้บ้าง | โพรพราโนลอล มีผลเสียไหม,"ผลข้างเคียงตามฐานข้อมูลยา: ชีพจรเต้นช้าผิดปกติ, มือเท้าเย็น, อ่อนเพลียเหนื่อยง่าย, นอนไม่หลับหรือฝันร้าย, หลอดลมหดเกร็ ถ้ามีอาการรุนแรงหรือกังวล ให้รีบปรึกษาแพทย์หรือเภสัชกร ไม่ควรหยุดยาประจำเองโดยไม่ถาม",ฐานข้อมูลยา NSC (medicines.csv) — คัดลอกข้อความจากฐานข้อมูล ไม่ได้เพิ่มเติมเอง,สร้างจากฐานข้อมูลยา (template),รอเภสัชกรตรวจ
drug-079-description,ยารายตัว/สรรพคุณ,เลโวไทร็อกซีน (Levothyroxine) ใช้รักษาอะไร,เลโวไทร็อกซีน ใช้ทำอะไร | Levothyroxine ใช้ทำอะไร | กินเลโวไทร็อกซีนเพื่ออะไร,เลโวไทร็อกซีน (Levothyroxine) ใช้สำหรับรักษาภาวะต่อมไทรอยด์ทำงานน้อย (Hypothyroidism) (ข้อมูลทั่วไป ควรใช้ตามที่แพทย์หรือเภสัชกรแนะนำ),ฐานข้อมูลยา NSC (medicines.csv) — คัดลอกข้อความจากฐานข้อมูล ไม่ได้เพิ่มเติมเอง,สร้างจากฐานข้อมูลยา (template),รอเภสัชกรตรวจ
drug-079-usage,ยารายตัว/วิธีใช้,เลโวไทร็อกซีน (Levothyroxine) กินยังไง,วิธีใช้ เลโวไทร็อกซีน | วิธีใช้ Levothyroxine | เลโวไทร็อกซีน กินตอนไหน,วิธีใช้ตามฐานข้อมูลยา: รับประทานวันละ 1 ครั้ง ก่อนอาหารเช้าอย่างน้อย 30-60 นาที หากไม่แน่ใจเรื่องขนาดยา ให้ทำตามฉลากยาหรือถามเภสัชกร,ฐานข้อมูลยา NSC (medicines.csv) — คัดลอกข้อความจากฐานข้อมูล ไม่ได้เพิ่มเติมเอง,สร้างจากฐานข้อมูลยา (template),รอเภสัชกรตรวจ
drug-079-precautions,ยารายตัว/ข้อควรระวัง,เลโวไทร็อกซีน (Levothyroxine) มีข้อควรระวังอะไรบ้าง,ใครห้ามกิน เลโวไทร็อกซีน | ใครห้ามกิน Levothyroxine | เลโวไทร็อกซีน ระวังอะไร,ข้อควรระวังตามฐานข้อมูลยา: ห้ามรับประทานพร้อมนม แคลเซียม หรือธาตุเหล็ก เพราะลดการดูดซึมของยา (ข้อมูลทั่วไป ควรใช้ตามที่แพทย์หรือเภสัชกรแนะนำ),ฐานข้อมูลยา NSC (medicines.csv) — คัดลอกข้อความจากฐานข้อมูล ไม่ได้เพิ่มเติมเอง,สร้างจากฐานข้อมูลยา (template),รอเภสัชกรตรวจ
drug-079-side_effects,ยารายตัว/ผลข้างเคียง,เลโวไทร็อกซีน (Levothyroxine) มีผลข้างเคียงอะไรบ้าง,กิน เลโวไทร็อกซีน แล้วมีอาการอะไรได้บ้าง | กิน Levothyroxine แล้วมีอาการอะไรได้บ้าง | เลโวไทร็อกซีน มีผลเสียไหม,ผลข้างเคียงตามฐานข้อมูลยา: ใจสั่น มือสั่น นอนไม่หลับ เหงื่อออก และน้ำหนักลด หากได้รับยาเกินขนาด ถ้ามีอาการรุนแรงหรือกังวล ให้รีบปรึกษาแพทย์หรือเภสัชกร ไม่ควรหยุดยาประจำเองโดยไม่ถาม,ฐานข้อมูลยา NSC (medicines.csv) — คัดลอกข้อความจากฐานข้อมูล ไม่ได้เพิ่มเติมเอง,สร้างจากฐานข้อมูลยา (template),รอเภสัชกรตรวจ
drug-080-description,ยารายตัว/สรรพคุณ,กาบาเพนติน (Gabapentin) ใช้รักษาอะไร,กาบาเพนติน ใช้ทำอะไร | Gabapentin ใช้ทำอะไร | กินกาบาเพนตินเพื่ออะไร,กาบาเพนติน (Gabapentin) ใช้สำหรับรักษาอาการปวดปลายประสาท และช่วยควบคุมอาการชัก (ข้อมูลทั่วไป ควรใช้ตามที่แพทย์หรือเภสัชกรแนะนำ),ฐานข้อมูลยา NSC (medicines.csv) — คัดลอกข้อความจากฐานข้อมูล ไม่ได้เพิ่มเติมเอง,สร้างจากฐานข้อมูลยา (template),รอเภสัชกรตรวจ
drug-080-usage,ยารายตัว/วิธีใช้,กาบาเพนติน (Gabapentin) กินยังไง,วิธีใช้ กาบาเพนติน | วิธีใช้ Gabapentin | กาบาเพนติน กินตอนไหน,วิธีใช้ตามฐานข้อมูลยา: รับประทานวันละ 1-3 ครั้ง ตามแพทย์สั่ง หากไม่แน่ใจเรื่องขนาดยา ให้ทำตามฉลากยาหรือถามเภสัชกร,ฐานข้อมูลยา NSC (medicines.csv) — คัดลอกข้อความจากฐานข้อมูล ไม่ได้เพิ่มเติมเอง,สร้างจากฐานข้อมูลยา (template),รอเภสัชกรตรวจ
drug-080-precautions,ยารายตัว/ข้อควรระวัง,กาบาเพนติน (Gabapentin) มีข้อควรระวังอะไรบ้าง,ใครห้ามกิน กาบาเพนติน | ใครห้ามกิน Gabapentin | กาบาเพนติน ระวังอะไร,ข้อควรระวังตามฐานข้อมูลยา: อาจทำให้ง่วงนอนและเวียนศีรษะ ไม่ควรหยุดยาเองทันที (ข้อมูลทั่วไป ควรใช้ตามที่แพทย์หรือเภสัชกรแนะนำ),ฐานข้อมูลยา NSC (medicines.csv) — คัดลอกข้อความจากฐานข้อมูล ไม่ได้เพิ่มเติมเอง,สร้างจากฐานข้อมูลยา (template),รอเภสัชกรตรวจ
drug-080-side_effects,ยารายตัว/ผลข้างเคียง,กาบาเพนติน (Gabapentin) มีผลข้างเคียงอะไรบ้าง,กิน กาบาเพนติน แล้วมีอาการอะไรได้บ้าง | กิน Gabapentin แล้วมีอาการอะไรได้บ้าง | กาบาเพนติน มีผลเสียไหม,ผลข้างเคียงตามฐานข้อมูลยา: ง่วงนอน เวียนศีรษะ เดินเซ อ่อนเพลีย ถ้ามีอาการรุนแรงหรือกังวล ให้รีบปรึกษาแพทย์หรือเภสัชกร ไม่ควรหยุดยาประจำเองโดยไม่ถาม,ฐานข้อมูลยา NSC (medicines.csv) — คัดลอกข้อความจากฐานข้อมูล ไม่ได้เพิ่มเติมเอง,สร้างจากฐานข้อมูลยา (template),รอเภสัชกรตรวจ
drug-081-description,ยารายตัว/สรรพคุณ,อะไซโคลเวียร์ (Acyclovir) ใช้รักษาอะไร,อะไซโคลเวียร์ ใช้ทำอะไร | Acyclovir ใช้ทำอะไร | กินอะไซโคลเวียร์เพื่ออะไร,อะไซโคลเวียร์ (Acyclovir) ใช้สำหรับรักษาโรคเริม งูสวัด และอีสุกอีใส (ข้อมูลทั่วไป ควรใช้ตามที่แพทย์หรือเภสัชกรแนะนำ),ฐานข้อมูลยา NSC (medicines.csv) — คัดลอกข้อความจากฐานข้อมูล ไม่ได้เพิ่มเติมเอง,สร้างจากฐานข้อมูลยา (template),รอเภสัชกรตรวจ
drug-081-usage,ยารายตัว/วิธีใช้,อะไซโคลเวียร์ (Acyclovir) กินยังไง,วิธีใช้ อะไซโคลเวียร์ | วิธีใช้ Acyclovir | อะไซโคลเวียร์ กินตอนไหน,วิธีใช้ตามฐานข้อมูลยา: รับประทานตามแพทย์สั่ง วันละ 3-5 ครั้ง และดื่มน้ำมาก ๆ หากไม่แน่ใจเรื่องขนาดยา ให้ทำตามฉลากยาหรือถามเภสัชกร,ฐานข้อมูลยา NSC (medicines.csv) — คัดลอกข้อความจากฐานข้อมูล ไม่ได้เพิ่มเติมเอง,สร้างจากฐานข้อมูลยา (template),รอเภสัชกรตรวจ
drug-081-precautions,ยารายตัว/ข้อควรระวัง,อะไซโคลเวียร์ (Acyclovir) มีข้อควรระวังอะไรบ้าง,ใครห้ามกิน อะไซโคลเวียร์ | ใครห้ามกิน Acyclovir | อะไซโคลเวียร์ ระวังอะไร,ข้อควรระวังตามฐานข้อมูลยา: ควรเริ่มใช้ยาเมื่อเริ่มมีอาการ และรับประทานให้ครบตามแพทย์สั่ง (ข้อมูลทั่วไป ควรใช้ตามที่แพทย์หรือเภสัชกรแนะนำ),ฐานข้อมูลยา NSC (medicines.csv) — คัดลอกข้อความจากฐานข้อมูล ไม่ได้เพิ่มเติมเอง,สร้างจากฐานข้อมูลยา (template),รอเภสัชกรตรวจ
drug-081-side_effects,ยารายตัว/ผลข้างเคียง,อะไซโคลเวียร์ (Acyclovir) มีผลข้างเคียงอะไรบ้าง,กิน อะไซโคลเวียร์ แล้วมีอาการอะไรได้บ้าง | กิน Acyclovir แล้วมีอาการอะไรได้บ้าง | อะไซโคลเวียร์ มีผลเสียไหม,ผลข้างเคียงตามฐานข้อมูลยา: คลื่นไส้ ปวดศีรษะ ท้องเสีย อ่อนเพลีย ถ้ามีอาการรุนแรงหรือกังวล ให้รีบปรึกษาแพทย์หรือเภสัชกร ไม่ควรหยุดยาประจำเองโดยไม่ถาม,ฐานข้อมูลยา NSC (medicines.csv) — คัดลอกข้อความจากฐานข้อมูล ไม่ได้เพิ่มเติมเอง,สร้างจากฐานข้อมูลยา (template),รอเภสัชกรตรวจ
drug-082-description,ยารายตัว/สรรพคุณ,ฟลูโคนาโซล (Fluconazole) ใช้รักษาอะไร,ฟลูโคนาโซล ใช้ทำอะไร | Fluconazole ใช้ทำอะไร | กินฟลูโคนาโซลเพื่ออะไร,ฟลูโคนาโซล (Fluconazole) ใช้สำหรับรักษาการติดเชื้อราที่ผิวหนัง ช่องปาก และช่องคลอด (ข้อมูลทั่วไป ควรใช้ตามที่แพทย์หรือเภสัชกรแนะนำ),ฐานข้อมูลยา NSC (medicines.csv) — คัดลอกข้อความจากฐานข้อมูล ไม่ได้เพิ่มเติมเอง,สร้างจากฐานข้อมูลยา (template),รอเภสัชกรตรวจ
drug-082-usage,ยารายตัว/วิธีใช้,ฟลูโคนาโซล (Fluconazole) กินยังไง,วิธีใช้ ฟลูโคนาโซล | วิธีใช้ Fluconazole | ฟลูโคนาโซล กินตอนไหน,วิธีใช้ตามฐานข้อมูลยา: รับประทานวันละ 1 ครั้ง ตามแพทย์สั่ง หากไม่แน่ใจเรื่องขนาดยา ให้ทำตามฉลากยาหรือถามเภสัชกร,ฐานข้อมูลยา NSC (medicines.csv) — คัดลอกข้อความจากฐานข้อมูล ไม่ได้เพิ่มเติมเอง,สร้างจากฐานข้อมูลยา (template),รอเภสัชกรตรวจ
drug-082-precautions,ยารายตัว/ข้อควรระวัง,ฟลูโคนาโซล (Fluconazole) มีข้อควรระวังอะไรบ้าง,ใครห้ามกิน ฟลูโคนาโซล | ใครห้ามกิน Fluconazole | ฟลูโคนาโซล ระวังอะไร,ข้อควรระวังตามฐานข้อมูลยา: ไม่ควรหยุดยาเองก่อนครบกำหนด และควรแจ้งแพทย์หากมีโรคตับ (ข้อมูลทั่วไป ควรใช้ตามที่แพทย์หรือเภสัชกรแนะนำ),ฐานข้อมูลยา NSC (medicines.csv) — คัดลอกข้อความจากฐานข้อมูล ไม่ได้เพิ่มเติมเอง,สร้างจากฐานข้อมูลยา (template),รอเภสัชกรตรวจ
drug-082-side_effects,ยารายตัว/ผลข้างเคียง,ฟลูโคนาโซล (Fluconazole) มีผลข้างเคียงอะไรบ้าง,กิน ฟลูโคนาโซล แล้วมีอาการอะไรได้บ้าง | กิน Fluconazole แล้วมีอาการอะไรได้บ้าง | ฟลูโคนาโซล มีผลเสียไหม,ผลข้างเคียงตามฐานข้อมูลยา: คลื่นไส้ ปวดศีรษะ ปวดท้อง ผื่น ถ้ามีอาการรุนแรงหรือกังวล ให้รีบปรึกษาแพทย์หรือเภสัชกร ไม่ควรหยุดยาประจำเองโดยไม่ถาม,ฐานข้อมูลยา NSC (medicines.csv) — คัดลอกข้อความจากฐานข้อมูล ไม่ได้เพิ่มเติมเอง,สร้างจากฐานข้อมูลยา (template),รอเภสัชกรตรวจ
ddi-01,ยาตีกัน,กิน วาร์ฟาริน (Warfarin) ร่วมกับ แอสไพริน เม็ดเล็ก (Aspirin (81mg)) ได้ไหม,Warfarin กับ Aspirin (81mg) กินด้วยกันได้ไหม | Warfarin Aspirin (81mg) ตีกันไหม,ควรระวังเป็นพิเศษ: การใช้ร่วมกันเพิ่มความเสี่ยงเลือดออก ไม่ควรกิน วาร์ฟาริน (Warfarin) ร่วมกับ แอสไพริน เม็ดเล็ก (Aspirin (81mg)) เองโดยไม่ปรึกษาแพทย์หรือเภสัชกร ถ้ากินทั้งสองตัวอยู่แล้ว อย่าหยุดยาเอง ให้แจ้งเภสัชกรหรือแพทย์ที่ดูแลเพื่อประเมิน,ตารางยาตีกันของระบบ (drug_interactions.py) — สรุปย่อ ไม่ใช่ฐานข้อมูลทางคลินิก,สร้างจากตารางยาตีกัน (แปลเป็นไทย),รอเภสัชกรตรวจ
ddi-02,ยาตีกัน,กิน วาร์ฟาริน (Warfarin) ร่วมกับ ไอบูโพรเฟน (Ibuprofen) ได้ไหม,Warfarin กับ Ibuprofen กินด้วยกันได้ไหม | Warfarin Ibuprofen ตีกันไหม,ควรระวังเป็นพิเศษ: การใช้ร่วมกันเพิ่มความเสี่ยงเลือดออก ไม่ควรกิน วาร์ฟาริน (Warfarin) ร่วมกับ ไอบูโพรเฟน (Ibuprofen) เองโดยไม่ปรึกษาแพทย์หรือเภสัชกร ถ้ากินทั้งสองตัวอยู่แล้ว อย่าหยุดยาเอง ให้แจ้งเภสัชกรหรือแพทย์ที่ดูแลเพื่อประเมิน,ตารางยาตีกันของระบบ (drug_interactions.py) — สรุปย่อ ไม่ใช่ฐานข้อมูลทางคลินิก,สร้างจากตารางยาตีกัน (แปลเป็นไทย),รอเภสัชกรตรวจ
ddi-03,ยาตีกัน,กิน วาร์ฟาริน (Warfarin) ร่วมกับ ไดโคลฟีแนค (Diclofenac) ได้ไหม,Warfarin กับ Diclofenac กินด้วยกันได้ไหม | Warfarin Diclofenac ตีกันไหม,ควรระวังเป็นพิเศษ: การใช้ร่วมกันเพิ่มความเสี่ยงเลือดออก ไม่ควรกิน วาร์ฟาริน (Warfarin) ร่วมกับ ไดโคลฟีแนค (Diclofenac) เองโดยไม่ปรึกษาแพทย์หรือเภสัชกร ถ้ากินทั้งสองตัวอยู่แล้ว อย่าหยุดยาเอง ให้แจ้งเภสัชกรหรือแพทย์ที่ดูแลเพื่อประเมิน,ตารางยาตีกันของระบบ (drug_interactions.py) — สรุปย่อ ไม่ใช่ฐานข้อมูลทางคลินิก,สร้างจากตารางยาตีกัน (แปลเป็นไทย),รอเภสัชกรตรวจ
ddi-04,ยาตีกัน,กิน วาร์ฟาริน (Warfarin) ร่วมกับ เมล็อกซิแคม (Meloxicam) ได้ไหม,Warfarin กับ Meloxicam กินด้วยกันได้ไหม | Warfarin Meloxicam ตีกันไหม,ควรระวังเป็นพิเศษ: การใช้ร่วมกันเพิ่มความเสี่ยงเลือดออก ไม่ควรกิน วาร์ฟาริน (Warfarin) ร่วมกับ เมล็อกซิแคม (Meloxicam) เองโดยไม่ปรึกษาแพทย์หรือเภสัชกร ถ้ากินทั้งสองตัวอยู่แล้ว อย่าหยุดยาเอง ให้แจ้งเภสัชกรหรือแพทย์ที่ดูแลเพื่อประเมิน,ตารางยาตีกันของระบบ (drug_interactions.py) — สรุปย่อ ไม่ใช่ฐานข้อมูลทางคลินิก,สร้างจากตารางยาตีกัน (แปลเป็นไทย),รอเภสัชกรตรวจ
ddi-05,ยาตีกัน,กิน ริวาโรซาแบน (Rivaroxaban) ร่วมกับ แอสไพริน เม็ดเล็ก (Aspirin (81mg)) ได้ไหม,Rivaroxaban กับ Aspirin (81mg) กินด้วยกันได้ไหม | Rivaroxaban Aspirin (81mg) ตีกันไหม,ควรระวังเป็นพิเศษ: การใช้ร่วมกันเพิ่มความเสี่ยงเลือดออก ไม่ควรกิน ริวาโรซาแบน (Rivaroxaban) ร่วมกับ แอสไพริน เม็ดเล็ก (Aspirin (81mg)) เองโดยไม่ปรึกษาแพทย์หรือเภสัชกร ถ้ากินทั้งสองตัวอยู่แล้ว อย่าหยุดยาเอง ให้แจ้งเภสัชกรหรือแพทย์ที่ดูแลเพื่อประเมิน,ตารางยาตีกันของระบบ (drug_interactions.py) — สรุปย่อ ไม่ใช่ฐานข้อมูลทางคลินิก,สร้างจากตารางยาตีกัน (แปลเป็นไทย),รอเภสัชกรตรวจ
ddi-06,ยาตีกัน,กิน แอสไพริน เม็ดเล็ก (Aspirin (81mg)) ร่วมกับ ไอบูโพรเฟน (Ibuprofen) ได้ไหม,Aspirin (81mg) กับ Ibuprofen กินด้วยกันได้ไหม | Aspirin (81mg) Ibuprofen ตีกันไหม,ควรระวัง: ไอบูโพรเฟนอาจลดผลป้องกันหัวใจและหลอดเลือดของแอสไพรินขนาดต่ำ ไม่ควรกิน แอสไพริน เม็ดเล็ก (Aspirin (81mg)) ร่วมกับ ไอบูโพรเฟน (Ibuprofen) เองโดยไม่ปรึกษาแพทย์หรือเภสัชกร ถ้ากินทั้งสองตัวอยู่แล้ว อย่าหยุดยาเอง ให้แจ้งเภสัชกรหรือแพทย์ที่ดูแลเพื่อประเมิน,ตารางยาตีกันของระบบ (drug_interactions.py) — สรุปย่อ ไม่ใช่ฐานข้อมูลทางคลินิก,สร้างจากตารางยาตีกัน (แปลเป็นไทย),รอเภสัชกรตรวจ
ddi-07,ยาตีกัน,กิน โคลพิโดเกรล (Clopidogrel) ร่วมกับ โอเมพราโซล (Omeprazole) ได้ไหม,Clopidogrel กับ Omeprazole กินด้วยกันได้ไหม | Clopidogrel Omeprazole ตีกันไหม,ควรระวัง: โอเมพราโซลอาจลดฤทธิ์ต้านเกล็ดเลือดของโคลพิโดเกรล ไม่ควรกิน โคลพิโดเกรล (Clopidogrel) ร่วมกับ โอเมพราโซล (Omeprazole) เองโดยไม่ปรึกษาแพทย์หรือเภสัชกร ถ้ากินทั้งสองตัวอยู่แล้ว อย่าหยุดยาเอง ให้แจ้งเภสัชกรหรือแพทย์ที่ดูแลเพื่อประเมิน,ตารางยาตีกันของระบบ (drug_interactions.py) — สรุปย่อ ไม่ใช่ฐานข้อมูลทางคลินิก,สร้างจากตารางยาตีกัน (แปลเป็นไทย),รอเภสัชกรตรวจ
ddi-08,ยาตีกัน,กิน โคลพิโดเกรล (Clopidogrel) ร่วมกับ อีโซเมพราโซล (Esomeprazole) ได้ไหม,Clopidogrel กับ Esomeprazole กินด้วยกันได้ไหม | Clopidogrel Esomeprazole ตีกันไหม,ควรระวัง: เอสโอเมพราโซลอาจลดฤทธิ์ต้านเกล็ดเลือดของโคลพิโดเกรล ไม่ควรกิน โคลพิโดเกรล (Clopidogrel) ร่วมกับ อีโซเมพราโซล (Esomeprazole) เองโดยไม่ปรึกษาแพทย์หรือเภสัชกร ถ้ากินทั้งสองตัวอยู่แล้ว อย่าหยุดยาเอง ให้แจ้งเภสัชกรหรือแพทย์ที่ดูแลเพื่อประเมิน,ตารางยาตีกันของระบบ (drug_interactions.py) — สรุปย่อ ไม่ใช่ฐานข้อมูลทางคลินิก,สร้างจากตารางยาตีกัน (แปลเป็นไทย),รอเภสัชกรตรวจ
ddi-09,ยาตีกัน,กิน ซิมวาสตาติน (Simvastatin) ร่วมกับ คลาริโธรมัยซิน (Clarithromycin) ได้ไหม,Simvastatin กับ Clarithromycin กินด้วยกันได้ไหม | Simvastatin Clarithromycin ตีกันไหม,ควรระวังเป็นพิเศษ: ทำให้ระดับยากลุ่มสแตตินในเลือดสูงขึ้น เพิ่มความเสี่ยงที่กล้ามเนื้อจะถูกทำลาย ไม่ควรกิน ซิมวาสตาติน (Simvastatin) ร่วมกับ คลาริโธรมัยซิน (Clarithromycin) เองโดยไม่ปรึกษาแพทย์หรือเภสัชกร ถ้ากินทั้งสองตัวอยู่แล้ว อย่าหยุดยาเอง ให้แจ้งเภสัชกรหรือแพทย์ที่ดูแลเพื่อประเมิน,ตารางยาตีกันของระบบ (drug_interactions.py) — สรุปย่อ ไม่ใช่ฐานข้อมูลทางคลินิก,สร้างจากตารางยาตีกัน (แปลเป็นไทย),รอเภสัชกรตรวจ
ddi-10,ยาตีกัน,กิน อะทอร์วาสตาติน (Atorvastatin) ร่วมกับ คลาริโธรมัยซิน (Clarithromycin) ได้ไหม,Atorvastatin กับ Clarithromycin กินด้วยกันได้ไหม | Atorvastatin Clarithromycin ตีกันไหม,ควรระวัง: ทำให้ระดับยากลุ่มสแตตินในเลือดสูงขึ้น เพิ่มความเสี่ยงที่กล้ามเนื้อจะถูกทำลาย ไม่ควรกิน อะทอร์วาสตาติน (Atorvastatin) ร่วมกับ คลาริโธรมัยซิน (Clarithromycin) เองโดยไม่ปรึกษาแพทย์หรือเภสัชกร ถ้ากินทั้งสองตัวอยู่แล้ว อย่าหยุดยาเอง ให้แจ้งเภสัชกรหรือแพทย์ที่ดูแลเพื่อประเมิน,ตารางยาตีกันของระบบ (drug_interactions.py) — สรุปย่อ ไม่ใช่ฐานข้อมูลทางคลินิก,สร้างจากตารางยาตีกัน (แปลเป็นไทย),รอเภสัชกรตรวจ
ddi-11,ยาตีกัน,กิน ดิจอกซิน (Digoxin) ร่วมกับ คลาริโธรมัยซิน (Clarithromycin) ได้ไหม,Digoxin กับ Clarithromycin กินด้วยกันได้ไหม | Digoxin Clarithromycin ตีกันไหม,ควรระวังเป็นพิเศษ: คลาริโทรไมซินอาจทำให้ระดับดิจอกซินสูงจนเป็นพิษ ไม่ควรกิน ดิจอกซิน (Digoxin) ร่วมกับ คลาริโธรมัยซิน (Clarithromycin) เองโดยไม่ปรึกษาแพทย์หรือเภสัชกร ถ้ากินทั้งสองตัวอยู่แล้ว อย่าหยุดยาเอง ให้แจ้งเภสัชกรหรือแพทย์ที่ดูแลเพื่อประเมิน,ตารางยาตีกันของระบบ (drug_interactions.py) — สรุปย่อ ไม่ใช่ฐานข้อมูลทางคลินิก,สร้างจากตารางยาตีกัน (แปลเป็นไทย),รอเภสัชกรตรวจ
ddi-12,ยาตีกัน,กิน โคลชิซีน (Colchicine) ร่วมกับ คลาริโธรมัยซิน (Clarithromycin) ได้ไหม,Colchicine กับ Clarithromycin กินด้วยกันได้ไหม | Colchicine Clarithromycin ตีกันไหม,ควรระวังเป็นพิเศษ: คลาริโทรไมซินอาจทำให้ระดับโคลชิซินสูงจนเกิดพิษ ไม่ควรกิน โคลชิซีน (Colchicine) ร่วมกับ คลาริโธรมัยซิน (Clarithromycin) เองโดยไม่ปรึกษาแพทย์หรือเภสัชกร ถ้ากินทั้งสองตัวอยู่แล้ว อย่าหยุดยาเอง ให้แจ้งเภสัชกรหรือแพทย์ที่ดูแลเพื่อประเมิน,ตารางยาตีกันของระบบ (drug_interactions.py) — สรุปย่อ ไม่ใช่ฐานข้อมูลทางคลินิก,สร้างจากตารางยาตีกัน (แปลเป็นไทย),รอเภสัชกรตรวจ
ddi-13,ยาตีกัน,กิน อีนนาลาพริล (Enalapril) ร่วมกับ สไปโรโนแลคโตน (Spironolactone) ได้ไหม,Enalapril กับ Spironolactone กินด้วยกันได้ไหม | Enalapril Spironolactone ตีกันไหม,ควรระวังเป็นพิเศษ: ยาทั้งสองตัวอาจทำให้โพแทสเซียมในเลือดสูง เสี่ยงภาวะโพแทสเซียมสูง ไม่ควรกิน อีนนาลาพริล (Enalapril) ร่วมกับ สไปโรโนแลคโตน (Spironolactone) เองโดยไม่ปรึกษาแพทย์หรือเภสัชกร ถ้ากินทั้งสองตัวอยู่แล้ว อย่าหยุดยาเอง ให้แจ้งเภสัชกรหรือแพทย์ที่ดูแลเพื่อประเมิน,ตารางยาตีกันของระบบ (drug_interactions.py) — สรุปย่อ ไม่ใช่ฐานข้อมูลทางคลินิก,สร้างจากตารางยาตีกัน (แปลเป็นไทย),รอเภสัชกรตรวจ
ddi-14,ยาตีกัน,กิน โลซาร์แทน (Losartan) ร่วมกับ สไปโรโนแลคโตน (Spironolactone) ได้ไหม,Losartan กับ Spironolactone กินด้วยกันได้ไหม | Losartan Spironolactone ตีกันไหม,ควรระวังเป็นพิเศษ: ยาทั้งสองตัวอาจทำให้โพแทสเซียมในเลือดสูง เสี่ยงภาวะโพแทสเซียมสูง ไม่ควรกิน โลซาร์แทน (Losartan) ร่วมกับ สไปโรโนแลคโตน (Spironolactone) เองโดยไม่ปรึกษาแพทย์หรือเภสัชกร ถ้ากินทั้งสองตัวอยู่แล้ว อย่าหยุดยาเอง ให้แจ้งเภสัชกรหรือแพทย์ที่ดูแลเพื่อประเมิน,ตารางยาตีกันของระบบ (drug_interactions.py) — สรุปย่อ ไม่ใช่ฐานข้อมูลทางคลินิก,สร้างจากตารางยาตีกัน (แปลเป็นไทย),รอเภสัชกรตรวจ
ddi-15,ยาตีกัน,กิน เทลมิซาร์แทน (Telmisartan) ร่วมกับ สไปโรโนแลคโตน (Spironolactone) ได้ไหม,Telmisartan กับ Spironolactone กินด้วยกันได้ไหม | Telmisartan Spironolactone ตีกันไหม,ควรระวังเป็นพิเศษ: ยาทั้งสองตัวอาจทำให้โพแทสเซียมในเลือดสูง เสี่ยงภาวะโพแทสเซียมสูง ไม่ควรกิน เทลมิซาร์แทน (Telmisartan) ร่วมกับ สไปโรโนแลคโตน (Spironolactone) เองโดยไม่ปรึกษาแพทย์หรือเภสัชกร ถ้ากินทั้งสองตัวอยู่แล้ว อย่าหยุดยาเอง ให้แจ้งเภสัชกรหรือแพทย์ที่ดูแลเพื่อประเมิน,ตารางยาตีกันของระบบ (drug_interactions.py) — สรุปย่อ ไม่ใช่ฐานข้อมูลทางคลินิก,สร้างจากตารางยาตีกัน (แปลเป็นไทย),รอเภสัชกรตรวจ
ddi-16,ยาตีกัน,กิน ทรามาดอล (Tramadol) ร่วมกับ ฟลูออกซิทีน (Fluoxetine) ได้ไหม,Tramadol กับ Fluoxetine กินด้วยกันได้ไหม | Tramadol Fluoxetine ตีกันไหม,ควรระวังเป็นพิเศษ: เสี่ยงต่อภาวะเซโรโทนินเป็นพิษและอาการชัก ไม่ควรกิน ทรามาดอล (Tramadol) ร่วมกับ ฟลูออกซิทีน (Fluoxetine) เองโดยไม่ปรึกษาแพทย์หรือเภสัชกร ถ้ากินทั้งสองตัวอยู่แล้ว อย่าหยุดยาเอง ให้แจ้งเภสัชกรหรือแพทย์ที่ดูแลเพื่อประเมิน,ตารางยาตีกันของระบบ (drug_interactions.py) — สรุปย่อ ไม่ใช่ฐานข้อมูลทางคลินิก,สร้างจากตารางยาตีกัน (แปลเป็นไทย),รอเภสัชกรตรวจ
ddi-17,ยาตีกัน,กิน ทรามาดอล (Tramadol) ร่วมกับ ลอราซีแพม (Lorazepam) ได้ไหม,Tramadol กับ Lorazepam กินด้วยกันได้ไหม | Tramadol Lorazepam ตีกันไหม,ควรระวังเป็นพิเศษ: ยากลุ่มโอปิออยด์ร่วมกับเบนโซไดอะซีปีนทำให้ง่วงซึมมากและหายใจช้าลง ไม่ควรกิน ทรามาดอล (Tramadol) ร่วมกับ ลอราซีแพม (Lorazepam) เองโดยไม่ปรึกษาแพทย์หรือเภสัชกร ถ้ากินทั้งสองตัวอยู่แล้ว อย่าหยุดยาเอง ให้แจ้งเภสัชกรหรือแพทย์ที่ดูแลเพื่อประเมิน,ตารางยาตีกันของระบบ (drug_interactions.py) — สรุปย่อ ไม่ใช่ฐานข้อมูลทางคลินิก,สร้างจากตารางยาตีกัน (แปลเป็นไทย),รอเภสัชกรตรวจ
ddi-18,ยาตีกัน,กิน ทรามาดอล (Tramadol) ร่วมกับ โคลนาซีแพม (Clonazepam) ได้ไหม,Tramadol กับ Clonazepam กินด้วยกันได้ไหม | Tramadol Clonazepam ตีกันไหม,ควรระวังเป็นพิเศษ: ยากลุ่มโอปิออยด์ร่วมกับเบนโซไดอะซีปีนทำให้ง่วงซึมมากและหายใจช้าลง ไม่ควรกิน ทรามาดอล (Tramadol) ร่วมกับ โคลนาซีแพม (Clonazepam) เองโดยไม่ปรึกษาแพทย์หรือเภสัชกร ถ้ากินทั้งสองตัวอยู่แล้ว อย่าหยุดยาเอง ให้แจ้งเภสัชกรหรือแพทย์ที่ดูแลเพื่อประเมิน,ตารางยาตีกันของระบบ (drug_interactions.py) — สรุปย่อ ไม่ใช่ฐานข้อมูลทางคลินิก,สร้างจากตารางยาตีกัน (แปลเป็นไทย),รอเภสัชกรตรวจ
ddi-19,ยาตีกัน,กิน ลอราซีแพม (Lorazepam) ร่วมกับ โคลนาซีแพม (Clonazepam) ได้ไหม,Lorazepam กับ Clonazepam กินด้วยกันได้ไหม | Lorazepam Clonazepam ตีกันไหม,ควรระวัง: เบนโซไดอะซีปีนสองตัวร่วมกันทำให้ง่วงซึมมากขึ้น ไม่ควรกิน ลอราซีแพม (Lorazepam) ร่วมกับ โคลนาซีแพม (Clonazepam) เองโดยไม่ปรึกษาแพทย์หรือเภสัชกร ถ้ากินทั้งสองตัวอยู่แล้ว อย่าหยุดยาเอง ให้แจ้งเภสัชกรหรือแพทย์ที่ดูแลเพื่อประเมิน,ตารางยาตีกันของระบบ (drug_interactions.py) — สรุปย่อ ไม่ใช่ฐานข้อมูลทางคลินิก,สร้างจากตารางยาตีกัน (แปลเป็นไทย),รอเภสัชกรตรวจ
emg-01,ฉุกเฉิน,กินยาแล้วหายใจลำบาก หน้าบวม ปากบวม ทำไงดี,แพ้ยารุนแรงทำไงดี | กินยาแล้วหายใจติดขัด ผื่นขึ้นทั้งตัว,อาการแบบนี้อาจเป็นการแพ้ยารุนแรง ให้หยุดยานั้นและโทร 1669 หรือไปโรงพยาบาลที่ใกล้ที่สุดทันที อย่ารอดูอาการ และนำซองหรือชื่อยาที่กินไปด้วย,ยังไม่มีการอ้างอิง — ร่างโดย Claude จากความรู้ทั่วไป ต้องให้เภสัชกรตรวจและใส่แหล่งอ้างอิงจริง,เขียนโดย Claude (ต้องตรวจ),รอเภสัชกรตรวจ
emg-02,ฉุกเฉิน,กินยาแล้วมีตุ่มน้ำพอง ปากหรือตาเป็นแผล ผิวลอก,กินยาแล้วตาแดง ปากเปื่อย ผื่นลอก | ผื่นรุนแรงหลังกินยา,ผื่นที่มีตุ่มน้ำ แผลในปากหรือตา หรือผิวหนังลอก อาจเป็นอาการแพ้ยารุนแรง ให้หยุดยาที่สงสัยและไปโรงพยาบาลทันที พร้อมบอกแพทย์ว่ากินยาอะไรอยู่,ยังไม่มีการอ้างอิง — ร่างโดย Claude จากความรู้ทั่วไป ต้องให้เภสัชกรตรวจและใส่แหล่งอ้างอิงจริง,เขียนโดย Claude (ต้องตรวจ),รอเภสัชกรตรวจ
emg-03,ฉุกเฉิน,เด็กแอบกินยาเข้าไป ทำไงดี,ลูกกินยาผู้ใหญ่เข้าไป | เด็กกินยาเกินขนาด,ให้โทร 1669 หรือพาไปโรงพยาบาลทันที อย่ารอดูอาการ และอย่าพยายามทำให้อาเจียนเอง นำซองหรือขวดยาไปด้วย เพื่อให้แพทย์ทราบชนิดและปริมาณที่กินเข้าไป,ยังไม่มีการอ้างอิง — ร่างโดย Claude จากความรู้ทั่วไป ต้องให้เภสัชกรตรวจและใส่แหล่งอ้างอิงจริง,เขียนโดย Claude (ต้องตรวจ),รอเภสัชกรตรวจ
emg-04,ฉุกเฉิน,กินยาแล้วเจ็บหน้าอก ใจสั่น หน้ามืดจะเป็นลม,กินยาแล้วใจสั่นมาก | กินยาแล้วเจ็บอก หายใจไม่อิ่ม,อาการเจ็บหน้าอก หายใจไม่อิ่ม หรือหน้ามืดเกือบเป็นลม ควรไปโรงพยาบาลหรือโทร 1669 โดยเร็ว และบอกแพทย์ทุกชื่อยาที่กินอยู่ ไม่ควรหยุดยาประจำเองก่อนถามแพทย์ เว้นแต่แพทย์สั่ง,ยังไม่มีการอ้างอิง — ร่างโดย Claude จากความรู้ทั่วไป ต้องให้เภสัชกรตรวจและใส่แหล่งอ้างอิงจริง,เขียนโดย Claude (ต้องตรวจ),รอเภสัชกรตรวจ
emg-05,ฉุกเฉิน,มีไข้สูง ซึม ชัก หรือคอแข็ง,ไข้สูงแล้วซึมมาก | ไข้ร่วมกับชัก,อาการเหล่านี้ร้ายแรง ควรไปโรงพยาบาลหรือโทร 1669 ทันที ไม่ควรรอกินยาลดไข้อย่างเดียว,ยังไม่มีการอ้างอิง — ร่างโดย Claude จากความรู้ทั่วไป ต้องให้เภสัชกรตรวจและใส่แหล่งอ้างอิงจริง,เขียนโดย Claude (ต้องตรวจ),รอเภสัชกรตรวจ
emg-06,ฉุกเฉิน,อาเจียนเป็นเลือดหรือถ่ายดำหลังกินยาแก้ปวด,กินไอบูโพรเฟนแล้วถ่ายดำ | กินยาแก้ปวดแล้วอาเจียนมีเลือด,อาจมีเลือดออกในทางเดินอาหาร ควรไปโรงพยาบาลทันที และงดยาแก้ปวดกลุ่มต้านอักเสบที่กินอยู่จนกว่าแพทย์จะประเมิน,ยังไม่มีการอ้างอิง — ร่างโดย Claude จากความรู้ทั่วไป ต้องให้เภสัชกรตรวจและใส่แหล่งอ้างอิงจริง,เขียนโดย Claude (ต้องตรวจ),รอเภสัชกรตรวจ
emg-07,ฉุกเฉิน,รู้สึกไม่อยากมีชีวิตอยู่ อยากกินยาให้หมดทั้งแผง,อยากทำร้ายตัวเอง | เบื่อชีวิต อยากกินยาเกินขนาด,ขอบคุณที่บอกนะ ตอนนี้ความรู้สึกคุณสำคัญมาก ถ้ารู้สึกว่าอาจทำร้ายตัวเอง ให้โทร 1669 หรือไปโรงพยาบาลทันที หรือโทรสายด่วนสุขภาพจิต 1323 ได้ตลอด 24 ชั่วโมง และบอกคนที่ไว้ใจให้มาอยู่ด้วย ตอนนี้ขอให้เก็บยาไว้ให้ไกลตัว,ยังไม่มีการอ้างอิง — ร่างโดย Claude จากความรู้ทั่วไป ต้องให้เภสัชกรตรวจและใส่แหล่งอ้างอิงจริง,เขียนโดย Claude (ต้องตรวจ),รอเภสัชกรตรวจ
oos-01,นอกขอบเขตบอท,ฉันมีอาการแบบนี้ เป็นโรคอะไร,ช่วยวินิจฉัยหน่อย | อาการแบบนี้คือโรคอะไร,บอทวินิจฉัยโรคไม่ได้ เพราะต้องซักประวัติและตรวจร่างกาย ถ้าอาการไม่หายหรือเป็นมากขึ้น ควรพบแพทย์ หรือปรึกษาเภสัชกรที่ร้านยา ถ้าบอกอาการมา ผมช่วยบอกได้ว่าอาการแบบไหนควรรีบไปโรงพยาบาล,ยังไม่มีการอ้างอิง — ร่างโดย Claude จากความรู้ทั่วไป ต้องให้เภสัชกรตรวจและใส่แหล่งอ้างอิงจริง,เขียนโดย Claude (ต้องตรวจ),รอเภสัชกรตรวจ
oos-02,นอกขอบเขตบอท,ลูกกินพาราได้กี่ซีซี ขนาดยาเด็กเท่าไหร่,ยาน้ำเด็กกินครั้งละเท่าไหร่ | ลูกตัวร้อน ให้ยาลดไข้ขนาดเท่าไหร่,ขนาดยาเด็กขึ้นกับน้ำหนักตัวและความเข้มข้นของยาแต่ละยี่ห้อ ผิดนิดเดียวอาจเป็นอันตราย บอทจึงไม่ให้ตัวเลขขนาดยา ให้ดูตารางขนาดยาบนฉลากของผลิตภัณฑ์นั้น หรือถามเภสัชกรหรือแพทย์ โดยบอกอายุและน้ำหนักเด็ก,ยังไม่มีการอ้างอิง — ร่างโดย Claude จากความรู้ทั่วไป ต้องให้เภสัชกรตรวจและใส่แหล่งอ้างอิงจริง,เขียนโดย Claude (ต้องตรวจ),รอเภสัชกรตรวจ
oos-03,นอกขอบเขตบอท,ขอปรับขนาดยาที่หมอสั่งเองได้ไหม,เพิ่มยาเองได้ไหม | ลดยาเองได้ไหม,ไม่ควรปรับขนาดยาเอง เพราะแพทย์กำหนดจากอาการ น้ำหนัก การทำงานของไตและตับ และโรคประจำตัว ถ้าคิดว่ายาแรงไปหรือไม่ได้ผล ให้ปรึกษาแพทย์หรือเภสัชกรเพื่อปรับให้เหมาะสม,ยังไม่มีการอ้างอิง — ร่างโดย Claude จากความรู้ทั่วไป ต้องให้เภสัชกรตรวจและใส่แหล่งอ้างอิงจริง,เขียนโดย Claude (ต้องตรวจ),รอเภสัชกรตรวจ
oos-04,นอกขอบเขตบอท,ตั้งครรภ์หรือให้นมลูกอยู่ กินยานี้ได้ไหม,ท้องอยู่กินยาได้ไหม | ให้นมลูกอยู่ กินยาได้หรือเปล่า,ยาหลายตัวมีผลต่อทารกในครรภ์หรือผ่านน้ำนมได้ ควรปรึกษาแพทย์หรือเภสัชกรก่อนกินยาทุกชนิด รวมถึงยาที่ซื้อเองและสมุนไพร และถ้ากินยาประจำอยู่แล้วอย่าหยุดเอง ให้ถามแพทย์ก่อน,ยังไม่มีการอ้างอิง — ร่างโดย Claude จากความรู้ทั่วไป ต้องให้เภสัชกรตรวจและใส่แหล่งอ้างอิงจริง,เขียนโดย Claude (ต้องตรวจ),รอเภสัชกรตรวจ
oos-05,นอกขอบเขตบอท,ขอซื้อยาที่มีป้าย Rx โดยไม่มีใบสั่งแพทย์ได้ไหม,ซื้อยานอนหลับโดยไม่มีใบสั่งได้ไหม | มีวิธีข้ามขั้นตอนใบสั่งแพทย์ไหม,ทำไม่ได้ครับ ยาที่มีป้าย Rx only ต้องมีใบสั่งแพทย์ที่ผ่านการตรวจสอบแล้วเท่านั้น เพื่อความปลอดภัยของคุณเอง ถ้ามีใบสั่งแพทย์ สามารถอัปโหลดได้ที่หน้า Rx,ยังไม่มีการอ้างอิง — ร่างโดย Claude จากความรู้ทั่วไป ต้องให้เภสัชกรตรวจและใส่แหล่งอ้างอิงจริง,เขียนโดย Claude (ต้องตรวจ),รอเภสัชกรตรวจ
gen-01,การใช้ยาทั่วไป,ก่อนอาหาร หลังอาหาร ท้องว่าง หมายถึงอะไร,กินยาก่อนอาหารคือกินตอนไหน | กินยาหลังอาหารกี่นาที,ก่อนอาหารคือกินตอนท้องว่าง ประมาณ 30 นาทีก่อนมื้ออาหาร หลังอาหารคือกินหลังกินอาหารประมาณ 15–30 นาที ส่วนพร้อมอาหารคือกินไปพร้อมคำแรกของมื้อ ให้ทำตามฉลากยาเป็นหลัก เพราะยาบางตัวต้องกินตรงเวลาจึงจะได้ผล,ยังไม่มีการอ้างอิง — ร่างโดย Claude จากความรู้ทั่วไป ต้องให้เภสัชกรตรวจและใส่แหล่งอ้างอิงจริง,เขียนโดย Claude (ต้องตรวจ),รอเภสัชกรตรวจ
gen-02,การใช้ยาทั่วไป,ยาหมดอายุแล้ว กินต่อได้ไหม,ยาเลยวันหมดอายุนิดหน่อยกินได้ไหม | ยาหมดอายุอันตรายไหม,ไม่ควรกิน เพราะยาอาจเสื่อมสภาพ ออกฤทธิ์ลดลง หรือเกิดสารที่ไม่ปลอดภัย ควรทิ้งยาหมดอายุให้ถูกวิธี เช่น นำไปทิ้งที่จุดรับยาเหลือใช้ของโรงพยาบาลหรือร้านยาที่รับ,ยังไม่มีการอ้างอิง — ร่างโดย Claude จากความรู้ทั่วไป ต้องให้เภสัชกรตรวจและใส่แหล่งอ้างอิงจริง,เขียนโดย Claude (ต้องตรวจ),รอเภสัชกรตรวจ
gen-03,การใช้ยาทั่วไป,เก็บยาไว้ยังไงดี,เก็บยาที่ไหน | ควรเก็บยาในตู้เย็นไหม,โดยทั่วไปเก็บในที่แห้ง ไม่โดนแสงแดดและความร้อน ไม่ร้อนจัด เช่น ไม่เก็บในรถ และเก็บให้พ้นมือเด็ก ยาบางชนิดต้องแช่เย็น ให้ดูที่ฉลากหรือถามเภสัชกร,ยังไม่มีการอ้างอิง — ร่างโดย Claude จากความรู้ทั่วไป ต้องให้เภสัชกรตรวจและใส่แหล่งอ้างอิงจริง,เขียนโดย Claude (ต้องตรวจ),รอเภสัชกรตรวจ
gen-04,การใช้ยาทั่วไป,กินยาพร้อมแอลกอฮอล์ได้ไหม,ดื่มเหล้าตอนกินยาได้ไหม | กินยาแล้วดื่มเบียร์ได้ไหม,ไม่แนะนำ เพราะแอลกอฮอล์อาจเพิ่มอาการง่วง มึนงง หรือเพิ่มความเสี่ยงต่อตับและกระเพาะ โดยเฉพาะยานอนหลับ ยาคลายกังวล ยาแก้แพ้บางชนิด และพาราเซตามอล ถ้าไม่แน่ใจให้ถามเภสัชกร,ยังไม่มีการอ้างอิง — ร่างโดย Claude จากความรู้ทั่วไป ต้องให้เภสัชกรตรวจและใส่แหล่งอ้างอิงจริง,เขียนโดย Claude (ต้องตรวจ),รอเภสัชกรตรวจ
gen-05,การใช้ยาทั่วไป,น้ำเกรปฟรุตกินกับยาได้ไหม,กินเกรปฟรุตกับยาลดไขมันได้ไหม | ส้มโอกับยาตีกันไหม,น้ำเกรปฟรุตมีผลต่อระดับยาบางชนิดในเลือด เช่น ยาลดไขมันกลุ่มสแตตินบางตัวและยาลดความดันบางตัว ถ้ากินยาประจำอยู่ ควรถามเภสัชกรว่ายาของคุณต้องเลี่ยงหรือไม่,ยังไม่มีการอ้างอิง — ร่างโดย Claude จากความรู้ทั่วไป ต้องให้เภสัชกรตรวจและใส่แหล่งอ้างอิงจริง,เขียนโดย Claude (ต้องตรวจ),รอเภสัชกรตรวจ
gen-06,การใช้ยาทั่วไป,แกะแคปซูล บด หรือหักเม็ดยากินได้ไหม,บดยากินได้ไหม | หักเม็ดยาครึ่งหนึ่งได้ไหม,ไม่ควรทำเองโดยไม่ถามเภสัชกร เพราะยาบางชนิดถูกเคลือบหรือออกแบบให้ค่อย ๆ ปล่อยตัวยา (เช่น ยาที่เขียนว่า SR XR MR) ถ้าบดหรือหักอาจได้ยาเร็วเกินไปและเป็นอันตราย เม็ดที่หักได้มักมีขีดแบ่ง แต่ยังควรยืนยันกับเภสัชกร,ยังไม่มีการอ้างอิง — ร่างโดย Claude จากความรู้ทั่วไป ต้องให้เภสัชกรตรวจและใส่แหล่งอ้างอิงจริง,เขียนโดย Claude (ต้องตรวจ),รอเภสัชกรตรวจ
gen-07,การใช้ยาทั่วไป,ยาที่ได้รับหน้าตาไม่เหมือนเดิม ใช่ยาตัวเดิมไหม,ยาเปลี่ยนสีเปลี่ยนรูปทรง | ยาคนละยี่ห้อแต่ชื่อยาเหมือนกัน,ยาตัวเดียวกันอาจมาจากผู้ผลิตหรือยี่ห้อต่างกัน ทำให้สีและรูปร่างต่างกันได้ ให้ตรวจชื่อตัวยาและความแรงบนฉลาก ถ้าไม่แน่ใจ ถามเภสัชกรก่อนกิน,ยังไม่มีการอ้างอิง — ร่างโดย Claude จากความรู้ทั่วไป ต้องให้เภสัชกรตรวจและใส่แหล่งอ้างอิงจริง,เขียนโดย Claude (ต้องตรวจ),รอเภสัชกรตรวจ
gen-08,การใช้ยาทั่วไป,แบ่งยาให้คนอื่นกินได้ไหม,ยาเพื่อนเหมือนอาการเรา ขอกินได้ไหม | ใช้ยาของคนในบ้านร่วมกันได้ไหม,ไม่ควร เพราะยาที่เหมาะกับคนหนึ่งอาจไม่ปลอดภัยกับอีกคน เช่น เรื่องการแพ้ยา โรคประจำตัว ยาที่กินอยู่ และน้ำหนักตัว,ยังไม่มีการอ้างอิง — ร่างโดย Claude จากความรู้ทั่วไป ต้องให้เภสัชกรตรวจและใส่แหล่งอ้างอิงจริง,เขียนโดย Claude (ต้องตรวจ),รอเภสัชกรตรวจ
gen-09,การใช้ยาทั่วไป,ยาปฏิชีวนะรักษาหวัดได้ไหม,เป็นหวัดต้องกินยาฆ่าเชื้อไหม | ไข้หวัดใหญ่กินยาปฏิชีวนะหายไหม,ไม่ได้ เพราะหวัดส่วนใหญ่เกิดจากไวรัส แต่ยาปฏิชีวนะใช้กับเชื้อแบคทีเรียเท่านั้น การกินโดยไม่จำเป็นเสี่ยงแพ้ยา เกิดผลข้างเคียง และทำให้เชื้อดื้อยา,ยังไม่มีการอ้างอิง — ร่างโดย Claude จากความรู้ทั่วไป ต้องให้เภสัชกรตรวจและใส่แหล่งอ้างอิงจริง,เขียนโดย Claude (ต้องตรวจ),รอเภสัชกรตรวจ
gen-10,การใช้ยาทั่วไป,ซื้อยาปฏิชีวนะกินเองได้ไหม,ปวดฟันซื้อยาฆ่าเชื้อกินเองได้ไหม | เหลือยาปฏิชีวนะเก่า เอามากินได้ไหม,ไม่ควร เพราะต้องให้แพทย์หรือเภสัชกรประเมินก่อนว่าจำเป็นหรือไม่ และเลือกชนิดให้เหมาะกับเชื้อ การใช้ผิดชนิดหรือผิดขนาดอาจรักษาไม่หายและทำให้เชื้อดื้อยา,ยังไม่มีการอ้างอิง — ร่างโดย Claude จากความรู้ทั่วไป ต้องให้เภสัชกรตรวจและใส่แหล่งอ้างอิงจริง,เขียนโดย Claude (ต้องตรวจ),รอเภสัชกรตรวจ
gen-11,การใช้ยาทั่วไป,กินยาแก้ปวดบ่อย ๆ ได้ไหม,ปวดหัวทุกวัน กินพาราทุกวันได้ไหม | กินยาแก้ปวดต่อเนื่องหลายสัปดาห์,ไม่ควรกินต่อเนื่องเอง ถ้าต้องกินยาแก้ปวดเกือบทุกวันหรือปวดเรื้อรัง ควรพบแพทย์เพื่อหาสาเหตุ เพราะการใช้ยาแก้ปวดบ่อยเกินไปอาจทำให้ปวดหัวมากขึ้น และเสี่ยงต่อกระเพาะ ไต หรือตับ,ยังไม่มีการอ้างอิง — ร่างโดย Claude จากความรู้ทั่วไป ต้องให้เภสัชกรตรวจและใส่แหล่งอ้างอิงจริง,เขียนโดย Claude (ต้องตรวจ),รอเภสัชกรตรวจ
gen-12,การใช้ยาทั่วไป,เป็นโรคกระเพาะ กินยาแก้ปวดกลุ่มต้านอักเสบได้ไหม,กระเพาะอักเสบกินไอบูโพรเฟนได้ไหม | เคยมีแผลในกระเพาะ กินยาแก้ปวดอะไรได้,ยากลุ่มต้านอักเสบ เช่น ไอบูโพรเฟน แอสไพริน อาจระคายหรือทำให้เกิดแผลในกระเพาะ คนที่มีโรคกระเพาะหรือเคยมีแผลควรหลีกเลี่ยงหรือถามแพทย์ก่อน ส่วนพาราเซตามอลมักระคายกระเพาะน้อยกว่า แต่ต้องไม่กินเกินขนาดและไม่ใช้ในคนที่มีโรคตับโดยไม่ถามแพทย์,ยังไม่มีการอ้างอิง — ร่างโดย Claude จากความรู้ทั่วไป ต้องให้เภสัชกรตรวจและใส่แหล่งอ้างอิงจริง,เขียนโดย Claude (ต้องตรวจ),รอเภสัชกรตรวจ
gen-13,การใช้ยาทั่วไป,เป็นโรคไตหรือโรคตับ กินยาแก้ปวดอะไรได้,ไตไม่ดี กินยาแก้ปวดได้ไหม | เป็นโรคตับ กินพาราได้ไหม,ต้องถามแพทย์หรือเภสัชกรก่อน เพราะยาแก้ปวดต้านอักเสบอาจทำให้ไตแย่ลง และพาราเซตามอลเกินขนาดทำให้ตับเสียหายได้ ขนาดที่ปลอดภัยของแต่ละคนต่างกัน บอทจึงไม่ระบุตัวเลข,ยังไม่มีการอ้างอิง — ร่างโดย Claude จากความรู้ทั่วไป ต้องให้เภสัชกรตรวจและใส่แหล่งอ้างอิงจริง,เขียนโดย Claude (ต้องตรวจ),รอเภสัชกรตรวจ
gen-14,การใช้ยาทั่วไป,กินยาแล้วขับรถได้ไหม,กินยาแก้แพ้แล้วขับรถได้ไหม | ยาง่วงกับการขับรถ,ถ้ายานั้นทำให้ง่วงหรือมึนงง เช่น ยาแก้แพ้บางชนิด ยานอนหลับ ยาคลายกังวล ไม่ควรขับรถหรือทำงานกับเครื่องจักร ให้อ่านข้อควรระวังบนฉลาก ถ้าไม่แน่ใจถามเภสัชกร,ยังไม่มีการอ้างอิง — ร่างโดย Claude จากความรู้ทั่วไป ต้องให้เภสัชกรตรวจและใส่แหล่งอ้างอิงจริง,เขียนโดย Claude (ต้องตรวจ),รอเภสัชกรตรวจ
gen-15,การใช้ยาทั่วไป,กินสมุนไพรหรืออาหารเสริมร่วมกับยาได้ไหม,กินกระเทียมสกัดกับยาได้ไหม | อาหารเสริมตีกับยาไหม,สมุนไพรและอาหารเสริมบางชนิดมีผลกับยา เช่น บางตัวทำให้เลือดออกง่ายขึ้นเมื่อกินกับวาร์ฟาริน ควรแจ้งเภสัชกรหรือแพทย์ทุกครั้งว่ากินอะไรอยู่ รวมถึงที่ซื้อเอง,ยังไม่มีการอ้างอิง — ร่างโดย Claude จากความรู้ทั่วไป ต้องให้เภสัชกรตรวจและใส่แหล่งอ้างอิงจริง,เขียนโดย Claude (ต้องตรวจ),รอเภสัชกรตรวจ
gen-16,การใช้ยาทั่วไป,กินยาแล้วติดคอ ต้องทำยังไง,กลืนยายาก | เม็ดยาใหญ่กลืนไม่ลง,ให้กินยาในท่านั่งหรือยืน แล้วดื่มน้ำตามเต็มแก้ว ไม่ควรนอนกินยา เพราะเม็ดยาอาจติดหลอดอาหารและระคาย ถ้ากลืนเม็ดไม่ได้จริง ๆ ให้ถามเภสัชกรว่ามียารูปแบบอื่นหรือไม่ อย่าบดเองเพราะยาบางชนิดบดไม่ได้,ยังไม่มีการอ้างอิง — ร่างโดย Claude จากความรู้ทั่วไป ต้องให้เภสัชกรตรวจและใส่แหล่งอ้างอิงจริง,เขียนโดย Claude (ต้องตรวจ),รอเภสัชกรตรวจ
gen-17,การใช้ยาทั่วไป,อ่านฉลากยาต้องดูอะไรบ้าง,ฉลากยาเขียนอะไรบ้าง | วิธีอ่านฉลากยา,ควรดูชื่อยา ความแรง วิธีกินและเวลากิน จำนวนครั้งต่อวัน ข้อควรระวัง และวันหมดอายุ ถ้ามีข้อความที่ไม่เข้าใจ ถามเภสัชกรได้เลย,ยังไม่มีการอ้างอิง — ร่างโดย Claude จากความรู้ทั่วไป ต้องให้เภสัชกรตรวจและใส่แหล่งอ้างอิงจริง,เขียนโดย Claude (ต้องตรวจ),รอเภสัชกรตรวจ
gen-18,การใช้ยาทั่วไป,เคยแพ้ยา ต้องแจ้งอะไรบ้าง,แพ้ยาต้องบอกหมอไหม | จะจำยาที่แพ้ได้ยังไง,ควรแจ้งชื่อยาที่เคยแพ้และอาการที่เกิดขึ้นทุกครั้งที่พบแพทย์หรือซื้อยา แนะนำให้จดไว้ในโทรศัพท์หรือพกบัตรแพ้ยา,ยังไม่มีการอ้างอิง — ร่างโดย Claude จากความรู้ทั่วไป ต้องให้เภสัชกรตรวจและใส่แหล่งอ้างอิงจริง,เขียนโดย Claude (ต้องตรวจ),รอเภสัชกรตรวจ
gen-19,การใช้ยาทั่วไป,ยาแก้หวัดกับยาแก้ปวดกินด้วยกันได้ไหม,ยาแก้หวัดรวมมีพาราผสมไหม | กินพาราซ้ำกับยาหวัดไหม,ระวังการได้ตัวยาซ้ำ เพราะยาแก้หวัดหลายยี่ห้อมีพาราเซตามอลผสมอยู่แล้ว ถ้ากินพาราเพิ่มอาจได้รับเกินขนาดโดยไม่รู้ตัว ให้อ่านส่วนประกอบบนฉลากทุกครั้งหรือถามเภสัชกร,ยังไม่มีการอ้างอิง — ร่างโดย Claude จากความรู้ทั่วไป ต้องให้เภสัชกรตรวจและใส่แหล่งอ้างอิงจริง,เขียนโดย Claude (ต้องตรวจ),รอเภสัชกรตรวจ
gen-20,การใช้ยาทั่วไป,ยาสามัญกับยาต้นแบบต่างกันไหม,ยาชื่อสามัญเหมือนยาแบรนด์ไหม | ยาถูกกับยาแพงต่างกันยังไง,ยาสามัญมีตัวยาสำคัญและความแรงเดียวกับยาต้นแบบ และต้องผ่านการขึ้นทะเบียนว่าออกฤทธิ์ใกล้เคียงกัน ราคาถูกกว่าเพราะไม่ต้องลงทุนวิจัยพัฒนา ถ้ากังวลเรื่องการเปลี่ยนยี่ห้อ ให้ถามเภสัชกร,ยังไม่มีการอ้างอิง — ร่างโดย Claude จากความรู้ทั่วไป ต้องให้เภสัชกรตรวจและใส่แหล่งอ้างอิงจริง,เขียนโดย Claude (ต้องตรวจ),รอเภสัชกรตรวจ
shop-01,การสั่งซื้อในร้าน,สั่งยาในร้านนี้ต้องทำยังไง,วิธีสั่งซื้อ | สั่งซื้อยายังไง,เลือกยาจากหน้าแรก (กรองตามหมวดหมู่หรือค้นหาชื่อได้) กดเพิ่มลงตะกร้า ไปที่ตะกร้า กรอกที่อยู่จัดส่ง กดสั่งซื้อ แล้วเลือกวิธีชำระเงิน,ยังไม่มีการอ้างอิง — ร่างโดย Claude จากความรู้ทั่วไป ต้องให้เภสัชกรตรวจและใส่แหล่งอ้างอิงจริง,เขียนโดย Claude (ต้องตรวจ),รอเภสัชกรตรวจ
shop-02,การสั่งซื้อในร้าน,ยาที่มีป้าย Rx ต้องทำอะไรก่อนสั่ง,ใบสั่งแพทย์อัปโหลดยังไง | ยา Rx only สั่งยังไง,"ไปที่หน้า Rx แล้วอัปโหลดรูปหรือไฟล์ PDF ใบสั่งแพทย์ (JPEG, PNG, WEBP หรือ PDF ขนาดไม่เกิน 5 MB) จากนั้นรอเจ้าหน้าที่ตรวจสอบ เมื่อสถานะเป็น Verified จึงจะสั่งยา Rx ได้",ยังไม่มีการอ้างอิง — ร่างโดย Claude จากความรู้ทั่วไป ต้องให้เภสัชกรตรวจและใส่แหล่งอ้างอิงจริง,เขียนโดย Claude (ต้องตรวจ),รอเภสัชกรตรวจ
shop-03,การสั่งซื้อในร้าน,สถานะใบสั่งแพทย์ Pending Verified Rejected แปลว่าอะไร,ใบสั่งแพทย์ถูก Rejected ทำไงดี | ใบสั่งแพทย์ยังเป็น Pending,Pending คือรอเจ้าหน้าที่ตรวจ Verified คือผ่านการตรวจแล้ว สั่งยา Rx ได้ Rejected คือไม่ผ่าน ให้อัปโหลดใบสั่งแพทย์ที่ชัดเจนและครบถ้วนอีกครั้ง,ยังไม่มีการอ้างอิง — ร่างโดย Claude จากความรู้ทั่วไป ต้องให้เภสัชกรตรวจและใส่แหล่งอ้างอิงจริง,เขียนโดย Claude (ต้องตรวจ),รอเภสัชกรตรวจ
shop-04,การสั่งซื้อในร้าน,ชำระเงินได้ด้วยวิธีไหนบ้าง,จ่ายเงินยังไง | รับพร้อมเพย์ไหม,"ในหน้าชำระเงินเลือกได้ 3 แบบ คือ Credit Card, PromptPay และ Bank Transfer",ยังไม่มีการอ้างอิง — ร่างโดย Claude จากความรู้ทั่วไป ต้องให้เภสัชกรตรวจและใส่แหล่งอ้างอิงจริง,เขียนโดย Claude (ต้องตรวจ),รอเภสัชกรตรวจ
shop-05,การสั่งซื้อในร้าน,ติดตามออเดอร์ได้ที่ไหน,เลขพัสดุอยู่ตรงไหน | ดูสถานะการจัดส่ง,ไปที่เมนู Orders จะเห็นสถานะออเดอร์ สถานะการจัดส่ง และเลขติดตามพัสดุ (เมื่อร้านใส่ข้อมูลแล้ว),ยังไม่มีการอ้างอิง — ร่างโดย Claude จากความรู้ทั่วไป ต้องให้เภสัชกรตรวจและใส่แหล่งอ้างอิงจริง,เขียนโดย Claude (ต้องตรวจ),รอเภสัชกรตรวจ
shop-06,การสั่งซื้อในร้าน,ยกเลิกออเดอร์ได้ไหม,สั่งผิดอยากยกเลิก | ยกเลิกหลังจ่ายเงินแล้วได้ไหม,ยกเลิกเองได้เฉพาะออเดอร์ที่ยังเป็น Pending Payment (ยังไม่ชำระเงิน) ที่เมนู Orders กด Cancel order สต็อกยาจะถูกคืนให้ ถ้าชำระเงินแล้ว ต้องติดต่อร้าน,ยังไม่มีการอ้างอิง — ร่างโดย Claude จากความรู้ทั่วไป ต้องให้เภสัชกรตรวจและใส่แหล่งอ้างอิงจริง,เขียนโดย Claude (ต้องตรวจ),รอเภสัชกรตรวจ
shop-07,การสั่งซื้อในร้าน,ทำไมกดใส่ตะกร้าไม่ได้ ขึ้น Out of stock,ยาหมดสต็อก | ยาตัวนี้สั่งไม่ได้,แปลว่ายาตัวนั้นหมดสต็อกชั่วคราว จึงยังสั่งซื้อไม่ได้ ลองกลับมาดูใหม่ภายหลัง หรือถามเภสัชกรว่ามียาตัวอื่นที่ใช้แทนได้หรือไม่,ยังไม่มีการอ้างอิง — ร่างโดย Claude จากความรู้ทั่วไป ต้องให้เภสัชกรตรวจและใส่แหล่งอ้างอิงจริง,เขียนโดย Claude (ต้องตรวจ),รอเภสัชกรตรวจ
